risk_budget,method,mean_mean_coverage,ci95_mean_coverage,mean_mean_success,ci95_mean_success,mean_mean_goal_validity_f1,ci95_mean_goal_validity_f1,mean_mean_stale_goal_pursuit,ci95_mean_stale_goal_pursuit,mean_mean_unsafe_reach,ci95_mean_unsafe_reach,mean_mean_false_abandonment,ci95_mean_false_abandonment,mean_mean_reappearance_recovery,ci95_mean_reappearance_recovery,mean_mean_intervention_cost,ci95_mean_intervention_cost,mean_mean_ece,ci95_mean_ece,mean_mean_utility,ci95_mean_utility,groups
0.05,active_subgoal_probe_policy,0.369444,0.012526,0.172743,0.008978,0.533993,0.000935,0.074132,0.005464,0.013368,0.004733,0.077604,0.005488,0.441146,0.014966,0.280016,0.000302,0.113178,0.000239,0.00834,0.009673,10
0.05,active_viewpoint_reacquisition,0.296528,0.012921,0.106771,0.008935,0.42349,0.000463,0.134028,0.009873,0.044271,0.003736,0.111111,0.006691,0.398958,0.006649,0.254474,0.000329,0.145355,8.4e-05,-0.083541,0.008086,10
0.05,conformal_goal_validity_filter,0.455903,0.010173,0.199653,0.009017,0.5268,0.000265,0.056944,0.006839,0.001389,0.000849,0.118576,0.005099,0.333333,0.010271,0.240846,0.000255,0.071681,0.000147,0.031093,0.009684,10
0.05,failure_aware_manipulation_policy,0.345486,0.012923,0.140799,0.00955,0.48195,0.000372,0.072917,0.005649,0.015799,0.002508,0.121007,0.008489,0.344618,0.008833,0.239542,0.000216,0.120172,0.000194,-0.0335,0.009294,10
0.05,goal_retargeting_heuristic,0.29566,0.007727,0.111285,0.00848,0.395624,0.000812,0.098264,0.006733,0.030729,0.004453,0.158333,0.01096,0.283854,0.009534,0.230327,0.000282,0.138549,0.00022,-0.086043,0.008695,10
0.05,learned_goal_state_classifier,0.382118,0.013435,0.172917,0.009707,0.547442,0.000392,0.073785,0.0057,0.008854,0.002508,0.122049,0.004678,0.360243,0.016587,0.230508,0.000342,0.102266,0.000143,0.001488,0.01132,10
0.05,oracle_goal_state_supervisor,1.0,0.0,0.856076,0.009151,0.788272,0.000608,0.0,0.0,0.0,0.0,0.009896,0.00325,0.589063,0.008085,0.340242,0.000457,0.017617,0.000164,0.787608,0.010235,10
0.05,pomdp_belief_planner,0.340451,0.010694,0.133507,0.011672,0.486391,0.000387,0.096354,0.006421,0.027431,0.002526,0.124826,0.00618,0.365625,0.016392,0.237766,0.000405,0.123965,0.000182,-0.051433,0.010229,10
0.05,proposed_disappearing_goal_belief_revision_v4,0.417535,0.009148,0.242535,0.011102,0.637654,0.000446,0.028125,0.005168,0.000868,0.000761,0.061111,0.005193,0.465625,0.013245,0.267062,0.000242,0.082518,0.00017,0.108732,0.012262,10
0.05,risk_budgeted_goal_recovery,0.449479,0.013251,0.223438,0.012374,0.533043,0.000364,0.054861,0.010472,0.0,0.0,0.107813,0.013105,0.393056,0.011127,0.265867,0.000128,0.082403,0.000195,0.058069,0.016024,10
0.05,risk_calibrated_goal_belief_revision_v5,0.481424,0.011788,0.323264,0.013352,0.723644,0.000451,0.000521,0.00052,0.0,0.0,0.025,0.002878,0.536806,0.011532,0.295857,0.000318,0.034917,0.000205,0.221192,0.013497,10
0.05,robust_mpc_replan,0.37309,0.013691,0.161111,0.013049,0.450162,0.000516,0.079167,0.007231,0.01059,0.00107,0.142535,0.00971,0.339062,0.01542,0.251388,0.000308,0.115543,0.000212,-0.022163,0.011477,10
0.1,active_subgoal_probe_policy,0.511458,0.015429,0.253472,0.010433,0.534003,0.000637,0.08316,0.005084,0.020833,0.00344,0.072743,0.005497,0.442014,0.006175,0.297938,0.000404,0.113315,0.000242,0.074367,0.011198,10
0.1,active_viewpoint_reacquisition,0.444444,0.012518,0.185243,0.009732,0.423736,0.000483,0.138715,0.004578,0.05434,0.009117,0.094965,0.009075,0.385243,0.012378,0.27279,0.000323,0.145312,0.000146,-0.030021,0.00899,10
0.1,conformal_goal_validity_filter,0.606944,0.009259,0.292882,0.014357,0.526607,0.000444,0.074306,0.006512,0.006076,0.001543,0.106424,0.00613,0.340451,0.00559,0.25903,0.000337,0.071783,0.000219,0.110792,0.016111,10
0.1,failure_aware_manipulation_policy,0.511458,0.01139,0.251563,0.007833,0.481662,0.000312,0.092014,0.00671,0.023611,0.004369,0.105035,0.007267,0.359896,0.014113,0.257789,0.00036,0.120182,0.000237,0.058013,0.010807,10
0.1,goal_retargeting_heuristic,0.467187,0.011072,0.195486,0.0132,0.395546,0.000733,0.098958,0.006992,0.036632,0.004377,0.14809,0.010446,0.290278,0.012256,0.248714,0.000294,0.138497,0.000247,-0.023788,0.013717,10
0.1,learned_goal_state_classifier,0.535243,0.006024,0.265625,0.007403,0.547875,0.000459,0.067014,0.007527,0.017708,0.002199,0.094792,0.008276,0.37309,0.008807,0.24859,0.000234,0.10229,0.000117,0.090396,0.008538,10
0.1,oracle_goal_state_supervisor,1.0,0.0,0.863542,0.008566,0.787984,0.000423,0.0,0.0,0.0,0.0,0.004687,0.002155,0.587847,0.00773,0.346408,0.000413,0.01767,0.000175,0.795843,0.008589,10
0.1,pomdp_belief_planner,0.480903,0.011939,0.218403,0.01013,0.486483,0.000643,0.100868,0.009304,0.033507,0.004246,0.115104,0.008133,0.364583,0.01315,0.255954,0.000361,0.123923,0.00021,0.014406,0.009612,10
0.1,proposed_disappearing_goal_belief_revision_v4,0.563715,0.015193,0.336806,0.014623,0.637568,0.000508,0.033333,0.002199,0.00434,0.002167,0.054514,0.006579,0.467014,0.013469,0.285116,0.00036,0.082425,0.000253,0.202549,0.01518,10
0.1,risk_budgeted_goal_recovery,0.613194,0.008455,0.332292,0.01226,0.533062,0.000387,0.060243,0.004733,0.002257,0.000726,0.092188,0.003944,0.400694,0.009446,0.284086,0.000255,0.082394,0.000194,0.163153,0.013762,10
0.1,risk_calibrated_goal_belief_revision_v5,0.643403,0.017271,0.444271,0.013095,0.72374,0.000507,0.001563,0.00107,0.0,0.0,0.017708,0.00286,0.535937,0.009173,0.314077,0.000286,0.034895,0.000286,0.349557,0.014007,10
0.1,robust_mpc_replan,0.513889,0.014212,0.252083,0.011587,0.450268,0.000635,0.093229,0.006214,0.022743,0.003531,0.115625,0.009904,0.346528,0.010905,0.269517,0.000155,0.115452,0.000197,0.047743,0.010543,10
0.18,active_subgoal_probe_policy,0.76684,0.008336,0.439583,0.013647,0.534399,0.000723,0.089583,0.008276,0.044965,0.003944,0.059201,0.00616,0.434028,0.015302,0.327313,0.000378,0.113098,0.00026,0.219585,0.012681,10
0.18,active_viewpoint_reacquisition,0.691146,0.011561,0.331771,0.008952,0.423549,0.000546,0.144965,0.009588,0.062847,0.004115,0.080556,0.007829,0.38316,0.008975,0.301795,0.000387,0.145292,0.000143,0.063809,0.009254,10
0.18,conformal_goal_validity_filter,0.855208,0.012764,0.486632,0.013091,0.526335,0.000236,0.086111,0.00976,0.025694,0.00358,0.075347,0.006959,0.341493,0.010689,0.288252,0.000404,0.07181,0.000164,0.272549,0.012777,10
0.18,failure_aware_manipulation_policy,0.747049,0.009745,0.405729,0.016041,0.481904,0.000292,0.090972,0.006006,0.039931,0.004451,0.077083,0.0065,0.357986,0.01278,0.286825,0.000299,0.120146,0.000234,0.180533,0.019831,10
0.18,goal_retargeting_heuristic,0.711111,0.0084,0.350868,0.012645,0.395584,0.000624,0.101736,0.005468,0.055382,0.007235,0.101389,0.006133,0.282292,0.011942,0.277809,0.000345,0.138537,0.000232,0.099522,0.018522,10
0.18,learned_goal_state_classifier,0.772049,0.009915,0.438542,0.015751,0.547367,0.00048,0.08125,0.007098,0.032986,0.003514,0.071007,0.008233,0.368229,0.017604,0.277699,0.000319,0.102327,0.000111,0.232456,0.011372,10
0.18,oracle_goal_state_supervisor,1.0,0.0,0.870313,0.008816,0.787883,0.000685,0.000347,0.000454,0.000174,0.00034,0.0,0.0,0.581771,0.011404,0.355883,0.000425,0.017705,0.000136,0.80183,0.009055,10
0.18,pomdp_belief_planner,0.740278,0.006637,0.394271,0.006719,0.486582,0.000406,0.120139,0.007773,0.049479,0.00397,0.092014,0.004892,0.352778,0.014301,0.284999,0.000309,0.123865,0.00024,0.140134,0.009633,10
0.18,proposed_disappearing_goal_belief_revision_v4,0.813542,0.010953,0.544965,0.008645,0.637847,0.000545,0.047396,0.005581,0.01684,0.004814,0.034722,0.00409,0.467187,0.009907,0.314389,0.00026,0.082481,0.000144,0.392167,0.011948,10
0.18,risk_budgeted_goal_recovery,0.846875,0.008605,0.508681,0.011377,0.532919,0.000427,0.075174,0.005917,0.016667,0.003135,0.066667,0.007595,0.400174,0.011151,0.313229,0.000241,0.082458,0.000187,0.311088,0.012242,10
0.18,risk_calibrated_goal_belief_revision_v5,0.884028,0.006764,0.66441,0.014231,0.7241,0.000425,0.009375,0.002223,0.001042,0.000907,0.00816,0.001526,0.537326,0.012334,0.343378,0.000323,0.034927,0.000236,0.573267,0.013415,10
0.18,robust_mpc_replan,0.768056,0.007763,0.420833,0.010261,0.449998,0.000735,0.098437,0.006255,0.040625,0.004428,0.089931,0.005387,0.352431,0.013573,0.298567,0.000269,0.115463,0.00019,0.177718,0.013099,10
0.28,active_subgoal_probe_policy,1.0,0.0,0.628472,0.009367,0.533703,0.00075,0.090625,0.009071,0.038542,0.005435,0.053472,0.004387,0.453125,0.010005,0.346663,0.000408,0.113138,0.000181,0.38137,0.013808,10
0.28,active_viewpoint_reacquisition,0.989583,0.002684,0.524653,0.016784,0.423333,0.000615,0.146181,0.009622,0.064236,0.010005,0.081076,0.00818,0.387674,0.015302,0.325946,0.000295,0.14537,0.000151,0.188498,0.02052,10
0.28,conformal_goal_validity_filter,1.0,0.0,0.580382,0.011929,0.526755,0.000347,0.077778,0.007871,0.029861,0.004268,0.080382,0.011309,0.326736,0.012087,0.299828,0.000389,0.07168,0.000216,0.347939,0.015921,10
0.28,failure_aware_manipulation_policy,1.0,0.0,0.584375,0.015143,0.481995,0.000421,0.093056,0.006809,0.038194,0.003863,0.087153,0.008957,0.352257,0.012388,0.307495,0.000326,0.120179,0.000232,0.319148,0.017142,10
0.28,goal_retargeting_heuristic,0.994618,0.00179,0.549653,0.01516,0.395295,0.000735,0.110417,0.008461,0.050347,0.004244,0.107812,0.009894,0.287326,0.013423,0.30043,0.000274,0.138648,0.000207,0.240713,0.01743,10
0.28,learned_goal_state_classifier,1.0,0.0,0.617014,0.015202,0.547584,0.000647,0.085764,0.00634,0.034896,0.00289,0.068576,0.005789,0.376736,0.010309,0.295629,0.000253,0.102408,0.00015,0.382112,0.017956,10
0.28,oracle_goal_state_supervisor,1.0,0.0,0.879514,0.006028,0.788164,0.000402,0.0,0.0,0.0,0.0,0.0,0.0,0.594271,0.01088,0.35588,0.000294,0.017756,0.000152,0.812415,0.006038,10
0.28,pomdp_belief_planner,1.0,0.0,0.5625,0.01064,0.486613,0.000494,0.111285,0.008734,0.049826,0.005604,0.090972,0.008292,0.355208,0.009547,0.30645,0.000343,0.123951,0.000255,0.269486,0.009739,10
0.28,proposed_disappearing_goal_belief_revision_v4,1.0,0.0,0.687674,0.006345,0.637925,0.000429,0.044444,0.006006,0.01684,0.002827,0.038194,0.005173,0.463542,0.013228,0.329725,0.000304,0.082477,0.000272,0.522242,0.010871,10
0.28,risk_budgeted_goal_recovery,1.0,0.0,0.632986,0.010834,0.532925,0.000407,0.077778,0.004445,0.022396,0.004227,0.071528,0.003433,0.395833,0.012661,0.324997,0.00021,0.082346,0.000124,0.410693,0.011283,10
0.28,risk_calibrated_goal_belief_revision_v5,1.0,0.0,0.769444,0.012598,0.72405,0.000492,0.010937,0.002271,0.00191,0.000942,0.005903,0.001911,0.535417,0.021069,0.352624,0.000315,0.034942,0.000164,0.677237,0.012657,10
0.28,robust_mpc_replan,1.0,0.0,0.603993,0.012481,0.450397,0.000666,0.096528,0.005832,0.040278,0.004671,0.093229,0.008474,0.350868,0.00951,0.317399,0.000252,0.115441,0.000209,0.327772,0.018406,10
