method,seed,mean_success,ci95_success,mean_goal_validity_f1,ci95_goal_validity_f1,mean_retarget_precision,ci95_retarget_precision,mean_stale_goal_pursuit,ci95_stale_goal_pursuit,mean_unsafe_reach,ci95_unsafe_reach,mean_false_abandonment,ci95_false_abandonment,mean_reappearance_recovery,ci95_reappearance_recovery,mean_substitute_goal_success,ci95_substitute_goal_success,mean_belief_update_latency,ci95_belief_update_latency,mean_intervention_cost,ci95_intervention_cost,mean_ece,ci95_ece,mean_regret,ci95_regret,mean_utility,ci95_utility,groups
active_subgoal_probe_policy,0,0.635851,0.019828,0.550318,0.003213,0.437642,0.002615,0.079427,0.011229,0.03125,0.006946,0.05816,0.009684,0.449653,0.020354,0.394965,0.019895,0.63989,0.008015,0.266088,0.000699,0.108316,0.000994,0.317864,0.017272,0.426495,0.02354,384
active_subgoal_probe_policy,1,0.628472,0.020118,0.551831,0.003194,0.436392,0.002646,0.080729,0.011425,0.02908,0.006778,0.053819,0.009329,0.448785,0.021376,0.420573,0.020757,0.640522,0.008239,0.266955,0.000691,0.107833,0.001021,0.324891,0.01758,0.424264,0.023258,384
active_subgoal_probe_policy,2,0.634983,0.01922,0.552041,0.003254,0.436482,0.002598,0.083333,0.011679,0.028212,0.006598,0.048611,0.008575,0.454427,0.021146,0.407118,0.020982,0.641021,0.008047,0.266849,0.000663,0.108152,0.001024,0.319241,0.01679,0.431195,0.022928,384
active_subgoal_probe_policy,3,0.641927,0.020382,0.551173,0.00331,0.436789,0.002649,0.083333,0.012046,0.03125,0.007253,0.057726,0.009132,0.457465,0.019958,0.397569,0.019065,0.64112,0.008172,0.265932,0.000692,0.108468,0.001044,0.312801,0.017793,0.430989,0.024752,384
active_subgoal_probe_policy,4,0.640625,0.020133,0.551877,0.003255,0.436073,0.002608,0.076823,0.01141,0.03342,0.007306,0.061198,0.009683,0.454427,0.019392,0.410156,0.020397,0.63975,0.008113,0.26662,0.000696,0.108253,0.001042,0.313991,0.017576,0.43086,0.024805,384
active_subgoal_probe_policy,5,0.641493,0.020571,0.552963,0.003329,0.436526,0.002585,0.088542,0.012035,0.039497,0.008056,0.05599,0.009161,0.43533,0.019852,0.418403,0.019903,0.64215,0.008018,0.266916,0.00068,0.108307,0.00101,0.312819,0.017889,0.419774,0.02415,384
active_subgoal_probe_policy,6,0.626736,0.019498,0.552534,0.003288,0.436768,0.002551,0.085069,0.011678,0.036458,0.007974,0.052517,0.008888,0.451823,0.020881,0.401476,0.018833,0.641817,0.008171,0.266327,0.000663,0.108125,0.001001,0.326436,0.016988,0.411776,0.023915,384
active_subgoal_probe_policy,7,0.621962,0.019965,0.551277,0.003283,0.436433,0.002558,0.078125,0.011543,0.040365,0.008012,0.052517,0.009287,0.450521,0.019687,0.399306,0.020118,0.640921,0.008174,0.266291,0.000708,0.108447,0.001039,0.330505,0.017409,0.407748,0.025425,384
active_subgoal_probe_policy,8,0.634983,0.020428,0.55179,0.003289,0.437289,0.002625,0.085069,0.011299,0.02908,0.007193,0.056424,0.009637,0.438802,0.020606,0.415365,0.01972,0.640739,0.007989,0.266725,0.000693,0.108631,0.001058,0.318728,0.017807,0.425858,0.024017,384
active_subgoal_probe_policy,9,0.638455,0.019757,0.551243,0.00333,0.435722,0.002553,0.078559,0.01103,0.02908,0.00656,0.051649,0.00949,0.43967,0.020562,0.422309,0.020542,0.639836,0.008119,0.266365,0.000732,0.108211,0.001062,0.315667,0.017181,0.435923,0.023738,384
active_viewpoint_reacquisition,0,0.559028,0.020046,0.4395,0.003262,0.294802,0.002554,0.141927,0.01525,0.062066,0.010213,0.083767,0.011679,0.392795,0.020762,0.265625,0.017303,0.719979,0.008102,0.247098,0.000679,0.140182,0.001054,0.385068,0.01743,0.250064,0.02679,384
active_viewpoint_reacquisition,1,0.551649,0.022017,0.442238,0.003268,0.294395,0.00268,0.135851,0.014199,0.05599,0.009774,0.078125,0.010829,0.397569,0.019994,0.264757,0.01933,0.721806,0.008177,0.246971,0.000651,0.140223,0.001035,0.391806,0.019185,0.254159,0.028166,384
active_viewpoint_reacquisition,2,0.568142,0.020914,0.441066,0.003256,0.294335,0.002514,0.137587,0.014337,0.056858,0.009343,0.085503,0.011426,0.384115,0.019073,0.260417,0.019056,0.721214,0.008171,0.24611,0.000671,0.140584,0.001061,0.377677,0.018237,0.264086,0.026544,384
active_viewpoint_reacquisition,3,0.568576,0.021465,0.440267,0.003194,0.294535,0.002611,0.148872,0.0153,0.053819,0.009484,0.082031,0.011235,0.405382,0.019577,0.269531,0.017637,0.722422,0.008187,0.246645,0.000677,0.140216,0.001044,0.377021,0.018692,0.261381,0.027716,384
active_viewpoint_reacquisition,4,0.556858,0.021419,0.440803,0.003111,0.29444,0.002615,0.128906,0.01498,0.063802,0.00996,0.083333,0.011679,0.386285,0.019032,0.254774,0.019041,0.720859,0.008012,0.246995,0.000674,0.140304,0.001078,0.386984,0.018596,0.255213,0.026815,384
active_viewpoint_reacquisition,5,0.53342,0.020542,0.439886,0.003242,0.295315,0.002563,0.134115,0.013261,0.065538,0.010762,0.068142,0.010461,0.395399,0.020403,0.259549,0.018715,0.72427,0.008216,0.246842,0.000668,0.140173,0.000991,0.407316,0.017892,0.234677,0.026432,384
active_viewpoint_reacquisition,6,0.551649,0.021484,0.440526,0.003251,0.29457,0.002566,0.138021,0.015253,0.069878,0.010553,0.076823,0.012268,0.392361,0.018967,0.265625,0.018242,0.722253,0.00808,0.246615,0.000691,0.140118,0.001032,0.392279,0.018777,0.241361,0.027592,384
active_viewpoint_reacquisition,7,0.544271,0.022325,0.441104,0.003292,0.294156,0.002601,0.128472,0.015749,0.061632,0.009542,0.077257,0.010891,0.415799,0.021072,0.264757,0.018486,0.72016,0.007979,0.246481,0.00071,0.140158,0.001045,0.398192,0.019383,0.251941,0.027736,384
active_viewpoint_reacquisition,8,0.546441,0.020989,0.44033,0.003235,0.293959,0.002599,0.134549,0.01504,0.063802,0.00996,0.079861,0.011674,0.382378,0.020403,0.264757,0.016713,0.72171,0.008289,0.247015,0.000667,0.140332,0.001046,0.395898,0.018236,0.243419,0.026804,384
active_viewpoint_reacquisition,9,0.543403,0.020336,0.441129,0.00324,0.294358,0.002646,0.141493,0.014931,0.051215,0.009243,0.066406,0.010152,0.400174,0.020483,0.276042,0.018674,0.723225,0.008208,0.246465,0.00068,0.140419,0.000998,0.398909,0.017737,0.255521,0.027177,384
conformal_goal_validity_filter,0,0.602431,0.018874,0.54467,0.003265,0.423744,0.002564,0.075087,0.01081,0.030816,0.006913,0.070312,0.010627,0.345486,0.019423,0.386285,0.019926,0.662024,0.008056,0.21861,0.000673,0.066704,0.001029,0.347211,0.016429,0.403968,0.023088,384
conformal_goal_validity_filter,1,0.59809,0.021021,0.544659,0.003156,0.423208,0.002609,0.073351,0.010929,0.023438,0.006397,0.075087,0.010469,0.336372,0.019773,0.382378,0.020117,0.66114,0.008122,0.219133,0.00072,0.066652,0.001068,0.35125,0.018308,0.405751,0.024964,384
conformal_goal_validity_filter,2,0.599826,0.020483,0.543778,0.003205,0.423122,0.002617,0.074219,0.01087,0.021701,0.005992,0.06901,0.011013,0.345486,0.01983,0.398003,0.01884,0.662559,0.008086,0.219446,0.000691,0.066532,0.001025,0.34982,0.017806,0.412634,0.024966,384
conformal_goal_validity_filter,3,0.602865,0.021561,0.5447,0.003272,0.422857,0.002578,0.073785,0.010458,0.026042,0.006179,0.080295,0.011036,0.329427,0.019698,0.396701,0.020381,0.662761,0.00798,0.219729,0.000669,0.066832,0.001039,0.346955,0.018821,0.403464,0.024971,384
conformal_goal_validity_filter,4,0.606771,0.020697,0.543896,0.003267,0.42229,0.002448,0.074219,0.011455,0.029948,0.00674,0.065538,0.009772,0.338108,0.019249,0.390625,0.019585,0.661006,0.008347,0.219186,0.000683,0.066712,0.001036,0.343395,0.018031,0.413325,0.024128,384
conformal_goal_validity_filter,5,0.59375,0.018942,0.544125,0.003281,0.422941,0.002609,0.079427,0.011034,0.028646,0.006954,0.065538,0.010626,0.348958,0.020133,0.418837,0.019903,0.661111,0.008157,0.21902,0.000705,0.066616,0.001011,0.354793,0.016531,0.399784,0.021746,384
conformal_goal_validity_filter,6,0.590278,0.021335,0.544267,0.003345,0.422375,0.002562,0.083767,0.011679,0.021701,0.006112,0.078125,0.010829,0.345486,0.019008,0.382812,0.019613,0.660587,0.008067,0.219683,0.000695,0.066364,0.001036,0.358411,0.018652,0.391503,0.024654,384
conformal_goal_validity_filter,7,0.595052,0.020481,0.543982,0.003278,0.423733,0.00259,0.085503,0.011298,0.02691,0.006374,0.074653,0.011459,0.328993,0.019118,0.392361,0.019458,0.661899,0.008158,0.219238,0.0007,0.06659,0.001031,0.353818,0.017836,0.391212,0.024166,384
conformal_goal_validity_filter,8,0.608507,0.019926,0.544091,0.003226,0.422597,0.00256,0.075521,0.011079,0.028212,0.006598,0.073785,0.011065,0.347222,0.020643,0.37934,0.020242,0.661608,0.008082,0.219166,0.00071,0.066555,0.00101,0.341786,0.017358,0.411634,0.023748,384
conformal_goal_validity_filter,9,0.60026,0.018389,0.543844,0.003218,0.423212,0.002545,0.066406,0.010976,0.02474,0.006628,0.085069,0.01174,0.34375,0.020629,0.383247,0.018866,0.659339,0.007913,0.219435,0.000662,0.066723,0.001042,0.349191,0.016041,0.406388,0.022052,384
failure_aware_manipulation_policy,0,0.607205,0.019906,0.499651,0.003245,0.435829,0.002649,0.078125,0.011353,0.03559,0.007922,0.076823,0.011152,0.373264,0.01983,0.405816,0.020414,0.690803,0.008134,0.226679,0.000709,0.115374,0.001062,0.342796,0.017257,0.386482,0.025334,384
failure_aware_manipulation_policy,1,0.621528,0.020582,0.499359,0.003331,0.435828,0.002735,0.093316,0.012421,0.03342,0.007306,0.075087,0.011398,0.375434,0.019913,0.405382,0.020376,0.690477,0.008188,0.227434,0.000654,0.11523,0.001041,0.330968,0.01798,0.393772,0.025012,384
failure_aware_manipulation_policy,2,0.613715,0.020571,0.499894,0.003345,0.436385,0.002651,0.096354,0.012965,0.036458,0.007601,0.082031,0.010974,0.366753,0.020077,0.421007,0.020332,0.690043,0.007973,0.227045,0.000708,0.114961,0.000989,0.33785,0.017949,0.378204,0.024309,384
failure_aware_manipulation_policy,3,0.605469,0.020143,0.499188,0.003257,0.435658,0.002666,0.084201,0.012576,0.03776,0.007867,0.075087,0.01127,0.364149,0.020334,0.408854,0.019961,0.690588,0.008226,0.227788,0.000662,0.115247,0.001038,0.344537,0.017459,0.379876,0.025553,384
failure_aware_manipulation_policy,4,0.611979,0.021049,0.49924,0.003284,0.434578,0.002533,0.085503,0.010973,0.039497,0.008056,0.068576,0.010186,0.361545,0.020301,0.405816,0.019543,0.690467,0.007997,0.227602,0.000696,0.115047,0.00103,0.338808,0.018301,0.388144,0.024539,384
failure_aware_manipulation_policy,5,0.594618,0.020694,0.499523,0.003339,0.43565,0.002618,0.088542,0.011668,0.040365,0.008012,0.076389,0.01115,0.368924,0.020452,0.406684,0.020876,0.691809,0.008055,0.227081,0.00065,0.11515,0.00105,0.353865,0.018,0.363156,0.024992,384
failure_aware_manipulation_policy,6,0.620226,0.019371,0.500405,0.003282,0.43617,0.002594,0.09375,0.012181,0.038194,0.007892,0.072049,0.011179,0.378906,0.020054,0.420573,0.020546,0.689067,0.008162,0.227106,0.00072,0.115093,0.001,0.332088,0.016887,0.39112,0.024165,384
failure_aware_manipulation_policy,7,0.586372,0.021208,0.499531,0.00333,0.435229,0.002627,0.088542,0.01173,0.034722,0.00796,0.080295,0.011232,0.353733,0.020144,0.402344,0.019334,0.69112,0.0081,0.227344,0.000683,0.11524,0.000979,0.361519,0.018505,0.356968,0.025073,384
failure_aware_manipulation_policy,8,0.620226,0.019852,0.498376,0.003357,0.435499,0.002535,0.072483,0.011118,0.036892,0.007908,0.077691,0.011414,0.344184,0.020714,0.407118,0.018946,0.689681,0.008098,0.227443,0.000686,0.115417,0.001001,0.33153,0.017272,0.402755,0.025412,384
failure_aware_manipulation_policy,9,0.601997,0.020358,0.499051,0.003239,0.436087,0.002582,0.075087,0.011075,0.03776,0.007774,0.074219,0.011264,0.375434,0.019949,0.407118,0.020062,0.689633,0.008085,0.22693,0.000678,0.115135,0.001027,0.347557,0.017729,0.38443,0.024909,384
goal_retargeting_heuristic,0,0.556424,0.020372,0.413244,0.00319,0.44336,0.002617,0.081163,0.011615,0.043837,0.0081,0.102865,0.013595,0.284722,0.018216,0.429253,0.020792,0.759213,0.008164,0.221001,0.000719,0.1337,0.001007,0.387244,0.017724,0.302134,0.025385,384
goal_retargeting_heuristic,1,0.556424,0.020899,0.412587,0.003127,0.442499,0.00264,0.095486,0.012917,0.046441,0.008223,0.101128,0.012681,0.292535,0.018759,0.414062,0.019534,0.761307,0.008162,0.220579,0.000737,0.133806,0.001062,0.387727,0.018262,0.291908,0.025312,384
goal_retargeting_heuristic,2,0.558594,0.021743,0.412413,0.003269,0.443618,0.002657,0.09375,0.012763,0.047309,0.008689,0.095486,0.012401,0.272569,0.018989,0.407118,0.019661,0.760363,0.007993,0.220802,0.000687,0.133822,0.001082,0.385843,0.018886,0.295405,0.027114,384
goal_retargeting_heuristic,3,0.582031,0.021038,0.413034,0.003303,0.443477,0.002532,0.094618,0.011933,0.041667,0.007899,0.108507,0.014336,0.283854,0.017911,0.413628,0.020758,0.760684,0.008157,0.220485,0.000695,0.133582,0.001005,0.364973,0.018292,0.317547,0.025901,384
goal_retargeting_heuristic,4,0.567274,0.020838,0.413603,0.003285,0.443469,0.00267,0.104167,0.012519,0.048611,0.00946,0.09592,0.01198,0.299045,0.019213,0.422309,0.020113,0.759941,0.008097,0.220546,0.000676,0.133505,0.001027,0.377877,0.018099,0.298827,0.02717,384
goal_retargeting_heuristic,5,0.559896,0.021455,0.412694,0.003344,0.442956,0.002524,0.086372,0.012103,0.050347,0.008973,0.09809,0.013333,0.305556,0.019672,0.411892,0.020614,0.761373,0.007942,0.22072,0.000697,0.13365,0.001022,0.383818,0.01858,0.301154,0.026297,384
goal_retargeting_heuristic,6,0.56467,0.021434,0.413144,0.003263,0.44333,0.002602,0.084201,0.012106,0.046441,0.008397,0.092014,0.013001,0.277344,0.018887,0.40625,0.021355,0.760165,0.007994,0.220551,0.000734,0.133452,0.001029,0.380698,0.018724,0.311309,0.025374,384
goal_retargeting_heuristic,7,0.569878,0.021675,0.412978,0.003237,0.443714,0.002587,0.08724,0.011919,0.049479,0.00894,0.098524,0.01201,0.292535,0.018486,0.414931,0.019939,0.759196,0.00809,0.22087,0.000718,0.133179,0.001027,0.375912,0.01889,0.308044,0.026173,384
goal_retargeting_heuristic,8,0.565538,0.020042,0.411511,0.003342,0.444085,0.002662,0.094618,0.012114,0.038628,0.008187,0.101128,0.013186,0.316406,0.019256,0.405382,0.020126,0.760581,0.007989,0.220867,0.000681,0.133454,0.001039,0.379406,0.017419,0.309264,0.025046,384
goal_retargeting_heuristic,9,0.574219,0.021428,0.412838,0.003365,0.443413,0.002541,0.085069,0.01117,0.046441,0.008736,0.102431,0.012372,0.27474,0.018339,0.414062,0.020335,0.7604,0.00812,0.220842,0.000706,0.133479,0.001043,0.372098,0.018715,0.312219,0.025401,384
last_seen_goal_pursuit,0,0.374566,0.020363,0.176071,0.00329,0.15434,0.002662,0.21875,0.019246,0.095486,0.012401,0.150174,0.014611,0.134549,0.014943,0.124132,0.014125,0.944297,0.008156,0.137143,0.000727,0.212025,0.001015,0.545977,0.017604,-0.054148,0.028357,384
last_seen_goal_pursuit,1,0.365017,0.022874,0.176756,0.003293,0.154868,0.002662,0.210938,0.017967,0.102865,0.012769,0.146267,0.014833,0.131944,0.014835,0.121094,0.013583,0.945006,0.008005,0.136704,0.000733,0.212355,0.000995,0.554722,0.019814,-0.064423,0.028472,384
last_seen_goal_pursuit,2,0.382378,0.020439,0.176409,0.003268,0.154632,0.002529,0.207899,0.017571,0.084201,0.011925,0.142361,0.014502,0.129774,0.013473,0.123264,0.013359,0.944353,0.0079,0.136251,0.000742,0.212327,0.000999,0.539922,0.017654,-0.026257,0.029392,384
last_seen_goal_pursuit,3,0.36849,0.021615,0.17553,0.00328,0.1541,0.002527,0.217014,0.018169,0.103733,0.012114,0.146267,0.015456,0.130208,0.014345,0.12066,0.013434,0.944294,0.008116,0.136661,0.000709,0.2123,0.001021,0.551669,0.018747,-0.069721,0.029336,384
last_seen_goal_pursuit,4,0.374132,0.020175,0.175433,0.003269,0.154141,0.002613,0.193576,0.017948,0.101562,0.012267,0.144965,0.014593,0.126736,0.013029,0.125434,0.013722,0.943394,0.008075,0.136735,0.000743,0.212284,0.000996,0.546481,0.017397,-0.045237,0.027498,384
last_seen_goal_pursuit,5,0.389757,0.020514,0.176575,0.003258,0.154954,0.002573,0.218316,0.018232,0.108507,0.013175,0.141493,0.014487,0.126302,0.014215,0.105903,0.012604,0.944383,0.008101,0.1367,0.000703,0.212178,0.001002,0.532628,0.017811,-0.049457,0.028351,384
last_seen_goal_pursuit,6,0.381076,0.02031,0.176526,0.003254,0.154196,0.002584,0.197049,0.018054,0.094184,0.011876,0.146701,0.014418,0.113715,0.012439,0.121962,0.013559,0.944201,0.008215,0.136742,0.000724,0.211628,0.001026,0.541188,0.01763,-0.033582,0.029181,384
last_seen_goal_pursuit,7,0.376736,0.020968,0.175684,0.00317,0.154053,0.002651,0.207899,0.017363,0.103733,0.012468,0.147569,0.015543,0.125,0.013414,0.125434,0.013615,0.943151,0.008037,0.136484,0.000704,0.212081,0.00103,0.544637,0.018146,-0.052682,0.029528,384
last_seen_goal_pursuit,8,0.375434,0.019693,0.175798,0.003235,0.154262,0.002641,0.196181,0.016821,0.086806,0.011359,0.14974,0.015451,0.124566,0.012988,0.127604,0.014378,0.942805,0.008133,0.137159,0.000694,0.212077,0.001047,0.545329,0.017033,-0.035344,0.027606,384
last_seen_goal_pursuit,9,0.385851,0.021019,0.176459,0.003275,0.153074,0.002574,0.19184,0.017062,0.098524,0.012542,0.148003,0.015618,0.118924,0.013319,0.121962,0.013771,0.943489,0.007964,0.137218,0.000755,0.212437,0.001045,0.536462,0.018244,-0.028986,0.02729,384
learned_goal_state_classifier,0,0.611111,0.019782,0.565192,0.003324,0.446337,0.002552,0.072049,0.010579,0.028646,0.006954,0.081163,0.011298,0.371528,0.019864,0.417101,0.02121,0.641224,0.007977,0.215029,0.000705,0.097643,0.001003,0.339324,0.01718,0.410407,0.023947,384
learned_goal_state_classifier,1,0.637153,0.020157,0.564713,0.003215,0.446364,0.002461,0.093316,0.011883,0.034722,0.007587,0.076823,0.011599,0.381944,0.019819,0.402778,0.020181,0.640556,0.00798,0.215261,0.000678,0.097282,0.000983,0.317039,0.017547,0.417034,0.024151,384
learned_goal_state_classifier,2,0.625434,0.020328,0.564945,0.003259,0.445567,0.002663,0.070312,0.010351,0.029514,0.006705,0.065538,0.010279,0.392795,0.020267,0.420139,0.02019,0.641245,0.008085,0.21552,0.000721,0.09747,0.001019,0.327759,0.017731,0.434364,0.023671,384
learned_goal_state_classifier,3,0.639323,0.019211,0.563867,0.00327,0.446602,0.002701,0.077257,0.010958,0.032552,0.008007,0.059462,0.009865,0.383247,0.020453,0.411024,0.020506,0.642895,0.008105,0.215047,0.00065,0.097255,0.00105,0.314861,0.01669,0.442125,0.02337,384
learned_goal_state_classifier,4,0.61849,0.020138,0.563418,0.003239,0.445782,0.002623,0.065104,0.009838,0.035156,0.007803,0.078125,0.011353,0.378472,0.020757,0.428385,0.020159,0.642224,0.00802,0.214973,0.000693,0.097317,0.001058,0.333246,0.017547,0.420231,0.025402,384
learned_goal_state_classifier,5,0.635417,0.019656,0.564724,0.003216,0.445976,0.002582,0.073351,0.011256,0.032118,0.007315,0.06901,0.01061,0.367188,0.019315,0.407118,0.020598,0.641928,0.008168,0.215428,0.00071,0.096967,0.001037,0.31848,0.017166,0.4362,0.022904,384
learned_goal_state_classifier,6,0.619358,0.01935,0.565212,0.00329,0.444912,0.002665,0.075955,0.011016,0.032986,0.007175,0.082465,0.011171,0.371528,0.019496,0.409288,0.02043,0.642246,0.007996,0.215405,0.000698,0.096956,0.001056,0.332802,0.016873,0.411865,0.023816,384
learned_goal_state_classifier,7,0.621962,0.019746,0.564131,0.003262,0.445206,0.002573,0.081597,0.011039,0.034722,0.007776,0.063802,0.009813,0.357205,0.019408,0.40408,0.019383,0.641584,0.008142,0.214843,0.000673,0.097435,0.001017,0.330278,0.017204,0.416109,0.022554,384
learned_goal_state_classifier,8,0.616319,0.019554,0.564668,0.00317,0.44613,0.002621,0.082465,0.011925,0.025174,0.006444,0.071181,0.010638,0.370226,0.018743,0.418403,0.021037,0.641902,0.008159,0.215172,0.000679,0.097471,0.001028,0.335063,0.017071,0.416409,0.023936,384
learned_goal_state_classifier,9,0.609375,0.021118,0.564562,0.003349,0.447626,0.002618,0.078993,0.011098,0.032118,0.007315,0.0625,0.009934,0.383681,0.020812,0.424913,0.020639,0.642315,0.008092,0.215804,0.000669,0.097005,0.001045,0.341071,0.018399,0.411006,0.024231,384
memory_only_belief_tracking,0,0.442708,0.02196,0.31452,0.00327,0.220889,0.002565,0.160156,0.016831,0.092448,0.012132,0.131076,0.015009,0.200521,0.017418,0.182292,0.015157,0.835038,0.008078,0.146575,0.000693,0.182904,0.001075,0.486373,0.019059,0.070809,0.030215,384
memory_only_belief_tracking,1,0.432726,0.02108,0.31456,0.003378,0.221121,0.002587,0.168837,0.016002,0.092014,0.011771,0.14974,0.015404,0.193142,0.016807,0.184462,0.015488,0.836331,0.008144,0.146493,0.000724,0.18322,0.001067,0.495902,0.018347,0.049103,0.026788,384
memory_only_belief_tracking,2,0.444444,0.020001,0.313814,0.003205,0.220284,0.00258,0.170573,0.01618,0.08724,0.011858,0.132812,0.013686,0.195312,0.016087,0.184462,0.015767,0.836228,0.007934,0.146152,0.000731,0.183291,0.001037,0.485522,0.017293,0.073679,0.028174,384
memory_only_belief_tracking,3,0.448785,0.020545,0.314389,0.003292,0.220171,0.002606,0.186632,0.017174,0.09158,0.011141,0.140625,0.014621,0.193576,0.017121,0.201389,0.016326,0.837029,0.008081,0.145978,0.000738,0.182983,0.001031,0.481315,0.017835,0.056857,0.027531,384
memory_only_belief_tracking,4,0.440972,0.020722,0.314099,0.003269,0.221011,0.002545,0.172743,0.016285,0.082031,0.011364,0.134549,0.013886,0.198351,0.017145,0.187066,0.015689,0.836793,0.008058,0.146078,0.000695,0.183061,0.001044,0.488207,0.017944,0.067228,0.029722,384
memory_only_belief_tracking,5,0.460069,0.020193,0.31433,0.003285,0.221081,0.002555,0.164497,0.016138,0.08941,0.012211,0.131076,0.014317,0.194444,0.016502,0.170573,0.015771,0.836466,0.008173,0.145937,0.000742,0.183215,0.001068,0.47147,0.017574,0.089423,0.026962,384
memory_only_belief_tracking,6,0.4375,0.022114,0.314907,0.003314,0.220304,0.002653,0.166233,0.015403,0.088976,0.011541,0.129774,0.014807,0.176649,0.016153,0.186632,0.016703,0.836841,0.008131,0.145746,0.000739,0.183266,0.001058,0.491668,0.019217,0.06753,0.02912,384
memory_only_belief_tracking,7,0.428385,0.021314,0.313518,0.003263,0.22085,0.002564,0.169271,0.016205,0.090278,0.012026,0.144097,0.014728,0.179688,0.016199,0.18533,0.015337,0.835999,0.008045,0.146192,0.000722,0.183243,0.00105,0.499595,0.018523,0.047203,0.027617,384
memory_only_belief_tracking,8,0.44184,0.021265,0.314391,0.003275,0.221239,0.002469,0.167535,0.016429,0.079861,0.011423,0.125434,0.014937,0.192708,0.015995,0.177083,0.015202,0.837773,0.008091,0.14588,0.000741,0.183434,0.00106,0.487364,0.018464,0.081945,0.027878,384
memory_only_belief_tracking,9,0.427517,0.019947,0.313719,0.003294,0.22128,0.002664,0.175781,0.015517,0.088108,0.011482,0.118924,0.013695,0.199653,0.016273,0.182726,0.01681,0.836908,0.008162,0.145991,0.000682,0.183365,0.001034,0.500082,0.017326,0.056885,0.026349,384
oracle_goal_state_supervisor,0,0.881944,0.01345,0.806255,0.003215,0.670329,0.002579,0.0,0.0,0.0,0.0,0.0,0.0,0.596788,0.019895,0.638455,0.019349,0.44559,0.007991,0.275702,0.000676,0.014031,0.00081,0.0,0.0,0.840096,0.013614,384
oracle_goal_state_supervisor,1,0.876736,0.013521,0.80721,0.003206,0.670284,0.002621,0.0,0.0,0.0,0.0,0.0,0.0,0.575955,0.021469,0.64974,0.020883,0.445421,0.008146,0.275285,0.000654,0.013717,0.000836,0.0,0.0,0.834229,0.013795,384
oracle_goal_state_supervisor,2,0.880208,0.012908,0.806115,0.003298,0.67082,0.002754,0.0,0.0,0.0,0.0,0.0,0.0,0.588108,0.021544,0.626302,0.019508,0.445146,0.008053,0.275222,0.000627,0.014025,0.000861,0.0,0.0,0.837513,0.01297,384
oracle_goal_state_supervisor,3,0.867188,0.013739,0.804546,0.003326,0.669672,0.002663,0.0,0.0,0.0,0.0,0.0,0.0,0.575955,0.021367,0.652344,0.019797,0.444851,0.008122,0.276179,0.000658,0.014068,0.000814,0.0,0.0,0.824548,0.013912,384
oracle_goal_state_supervisor,4,0.86849,0.013785,0.805404,0.003285,0.670713,0.00251,0.0,0.0,0.0,0.0,0.0,0.0,0.602431,0.020777,0.648003,0.020693,0.445724,0.008005,0.275785,0.000651,0.01393,0.000816,0.0,0.0,0.827536,0.013772,384
oracle_goal_state_supervisor,5,0.871528,0.014401,0.804503,0.003209,0.670875,0.002545,0.0,0.0,0.0,0.0,0.0,0.0,0.585069,0.0203,0.626302,0.020593,0.444174,0.007919,0.275735,0.00067,0.014112,0.000878,0.0,0.0,0.828514,0.01452,384
oracle_goal_state_supervisor,6,0.869792,0.014039,0.805482,0.003229,0.670563,0.002573,0.0,0.0,0.0,0.0,0.0,0.0,0.591146,0.021669,0.630642,0.019923,0.444819,0.007937,0.275821,0.000674,0.01396,0.000837,0.0,0.0,0.827188,0.01435,384
oracle_goal_state_supervisor,7,0.87934,0.013434,0.80644,0.003254,0.670557,0.002662,0.0,0.0,0.0,0.0,0.0,0.0,0.577691,0.021709,0.641059,0.019197,0.444888,0.008138,0.275434,0.00066,0.013716,0.000814,0.0,0.0,0.83655,0.013688,384
oracle_goal_state_supervisor,8,0.878906,0.013204,0.805139,0.003241,0.66953,0.002609,0.000868,0.001201,0.0,0.0,0.000434,0.000851,0.600694,0.020687,0.640191,0.019818,0.444004,0.008161,0.275823,0.000683,0.013761,0.000812,0.0,0.0,0.836601,0.013332,384
oracle_goal_state_supervisor,9,0.878906,0.013259,0.805089,0.003239,0.670763,0.002642,0.0,0.0,0.0,0.0,0.0,0.0,0.584201,0.021515,0.634549,0.019642,0.444265,0.007992,0.275031,0.000705,0.013869,0.000815,0.0,0.0,0.836299,0.013609,384
pomdp_belief_planner,0,0.584201,0.019831,0.503076,0.003242,0.389787,0.002614,0.107205,0.012464,0.047309,0.009255,0.078993,0.01142,0.369792,0.019529,0.356771,0.019469,0.683345,0.008384,0.226457,0.000707,0.119062,0.001023,0.362986,0.017261,0.328064,0.025131,384
pomdp_belief_planner,1,0.578993,0.021308,0.504666,0.003335,0.389021,0.002682,0.097222,0.014134,0.045139,0.009008,0.080295,0.010635,0.37283,0.02054,0.348958,0.020525,0.684243,0.008041,0.225626,0.000702,0.119349,0.001058,0.368052,0.018596,0.331956,0.027293,384
pomdp_belief_planner,2,0.59809,0.020812,0.50397,0.003268,0.389304,0.002619,0.111979,0.013646,0.047309,0.008936,0.089844,0.011785,0.355903,0.020282,0.380208,0.01986,0.684204,0.008064,0.226415,0.000653,0.118944,0.001035,0.35107,0.018068,0.331658,0.026516,384
pomdp_belief_planner,3,0.587674,0.021274,0.504503,0.003213,0.389933,0.002616,0.099392,0.012818,0.046007,0.008549,0.080729,0.012044,0.375,0.020479,0.367188,0.01965,0.683438,0.008204,0.226246,0.000686,0.119138,0.001024,0.360309,0.018552,0.33849,0.026066,384
pomdp_belief_planner,4,0.588542,0.020078,0.504029,0.003292,0.388738,0.002632,0.114583,0.013535,0.052517,0.009209,0.083767,0.011864,0.348958,0.020133,0.354167,0.019536,0.682839,0.008127,0.226107,0.000712,0.118875,0.001018,0.359391,0.017471,0.320255,0.024964,384
pomdp_belief_planner,5,0.583333,0.020479,0.503911,0.003288,0.389149,0.002484,0.096788,0.013072,0.044271,0.008298,0.078993,0.011483,0.37934,0.020421,0.367622,0.019954,0.683111,0.008013,0.225362,0.000674,0.119006,0.001015,0.363635,0.017817,0.340365,0.025608,384
pomdp_belief_planner,6,0.606771,0.019728,0.504175,0.00324,0.388425,0.002592,0.108507,0.013175,0.06033,0.010456,0.082465,0.011986,0.37066,0.019099,0.346354,0.019751,0.683231,0.008133,0.226147,0.000704,0.11905,0.001027,0.343794,0.017192,0.337169,0.026417,384
pomdp_belief_planner,7,0.573785,0.021154,0.504279,0.00326,0.389618,0.002591,0.099826,0.012698,0.049045,0.009004,0.086806,0.011549,0.363715,0.019146,0.348524,0.019791,0.684811,0.008067,0.226248,0.000692,0.119187,0.001055,0.372445,0.018427,0.317439,0.026058,384
pomdp_belief_planner,8,0.572917,0.020488,0.504161,0.003224,0.388138,0.002599,0.106771,0.013371,0.050347,0.00929,0.083333,0.0113,0.373698,0.020381,0.375,0.01961,0.685037,0.008141,0.226067,0.000694,0.118743,0.001018,0.373053,0.017876,0.316181,0.025386,384
pomdp_belief_planner,9,0.592448,0.020984,0.503549,0.003258,0.390146,0.002576,0.104167,0.013086,0.050781,0.009383,0.075521,0.011013,0.342014,0.018089,0.365451,0.019899,0.683169,0.008132,0.226017,0.000662,0.118681,0.00103,0.356172,0.018342,0.337469,0.025683,384
proposed_disappearing_goal_belief_revision_v4,0,0.702257,0.018633,0.654903,0.003242,0.546711,0.00267,0.041233,0.007968,0.011285,0.004363,0.036458,0.007505,0.484375,0.020701,0.516059,0.020183,0.564664,0.008029,0.249687,0.000644,0.077423,0.001048,0.260104,0.016303,0.574253,0.020792,384
proposed_disappearing_goal_belief_revision_v4,1,0.711372,0.017609,0.655804,0.003262,0.547268,0.002667,0.039497,0.008234,0.017361,0.005376,0.033854,0.007626,0.483941,0.02154,0.504774,0.020772,0.566299,0.008149,0.249057,0.00068,0.077297,0.001001,0.252413,0.015398,0.580166,0.020299,384
proposed_disappearing_goal_belief_revision_v4,2,0.713108,0.017892,0.654226,0.003279,0.546623,0.002633,0.043403,0.008168,0.016927,0.005588,0.03342,0.007598,0.449219,0.020218,0.506076,0.021098,0.565345,0.007996,0.249715,0.00065,0.077536,0.001063,0.251086,0.015657,0.576705,0.020935,384
proposed_disappearing_goal_belief_revision_v4,3,0.68967,0.020043,0.65559,0.003239,0.545151,0.002663,0.043403,0.008516,0.011719,0.004595,0.03559,0.007736,0.46658,0.020471,0.509549,0.019363,0.565577,0.008061,0.250313,0.000664,0.077535,0.001027,0.271203,0.017509,0.558337,0.021432,384
proposed_disappearing_goal_belief_revision_v4,4,0.693142,0.019148,0.654109,0.003202,0.546528,0.00267,0.039062,0.007662,0.009549,0.003879,0.038194,0.008073,0.477865,0.020624,0.516493,0.020448,0.565744,0.008145,0.249679,0.000665,0.077983,0.001028,0.268154,0.01671,0.567235,0.021213,384
proposed_disappearing_goal_belief_revision_v4,5,0.713108,0.018607,0.655253,0.003236,0.548013,0.002568,0.032118,0.007215,0.011719,0.004595,0.036892,0.007816,0.457899,0.019693,0.510851,0.020218,0.565968,0.007979,0.250432,0.000703,0.07728,0.001067,0.250518,0.016219,0.589123,0.020877,384
proposed_disappearing_goal_belief_revision_v4,6,0.701823,0.01866,0.65542,0.003374,0.547712,0.002599,0.043403,0.008516,0.015625,0.005294,0.036024,0.007856,0.475694,0.020476,0.50434,0.02086,0.564859,0.008128,0.24981,0.000633,0.077686,0.001021,0.260542,0.016275,0.567448,0.021244,384
proposed_disappearing_goal_belief_revision_v4,7,0.699653,0.018951,0.655573,0.003395,0.547138,0.002588,0.038628,0.008448,0.014757,0.005039,0.035156,0.007895,0.46441,0.020416,0.515625,0.021186,0.565866,0.008075,0.249304,0.000692,0.077507,0.001017,0.26254,0.016528,0.569318,0.021369,384
proposed_disappearing_goal_belief_revision_v4,8,0.703559,0.017993,0.656046,0.00335,0.547362,0.002533,0.03776,0.00768,0.009115,0.003795,0.032118,0.007113,0.446181,0.019903,0.509115,0.021748,0.565878,0.008085,0.249936,0.00067,0.07774,0.001047,0.258833,0.015683,0.580629,0.020166,384
proposed_disappearing_goal_belief_revision_v4,9,0.708767,0.018476,0.654981,0.003216,0.547075,0.002591,0.039062,0.008298,0.010417,0.00404,0.033854,0.007721,0.456597,0.020443,0.498264,0.019386,0.565647,0.007923,0.250006,0.000658,0.077474,0.001032,0.254498,0.016112,0.581962,0.021013,384
risk_budgeted_goal_recovery,0,0.650608,0.020255,0.549661,0.003296,0.464159,0.0026,0.065538,0.010065,0.02474,0.006628,0.059896,0.010236,0.398872,0.019603,0.443142,0.019909,0.648526,0.008127,0.244852,0.000666,0.077356,0.001031,0.305068,0.017672,0.468092,0.024069,384
risk_budgeted_goal_recovery,1,0.632378,0.020171,0.550496,0.003435,0.462977,0.002543,0.065972,0.011035,0.021701,0.005992,0.067708,0.010523,0.400174,0.020412,0.44184,0.020035,0.650312,0.008161,0.244156,0.000689,0.077476,0.001039,0.321179,0.017561,0.448064,0.023883,384
risk_budgeted_goal_recovery,2,0.651042,0.019695,0.550298,0.003214,0.463091,0.002504,0.071615,0.010978,0.025174,0.006444,0.073785,0.01126,0.418837,0.020335,0.447483,0.020459,0.64808,0.008204,0.245389,0.000707,0.077756,0.001023,0.305069,0.017136,0.456407,0.023991,384
risk_budgeted_goal_recovery,3,0.643229,0.020379,0.55046,0.003265,0.462414,0.002618,0.069878,0.01069,0.021701,0.00587,0.05816,0.009758,0.412326,0.019457,0.4375,0.021616,0.64937,0.008141,0.244255,0.000694,0.077431,0.001028,0.311733,0.017765,0.462315,0.024077,384
risk_budgeted_goal_recovery,4,0.653646,0.019604,0.550756,0.003244,0.462706,0.002663,0.065972,0.011359,0.015191,0.005508,0.063802,0.009739,0.413628,0.019309,0.426649,0.020419,0.648899,0.008162,0.244508,0.000672,0.077318,0.000982,0.302356,0.017045,0.477255,0.02318,384
risk_budgeted_goal_recovery,5,0.661024,0.019878,0.550435,0.003293,0.46312,0.002578,0.079861,0.011231,0.018663,0.005789,0.074653,0.011331,0.396267,0.020483,0.465278,0.019928,0.649797,0.00809,0.245298,0.000671,0.077211,0.001034,0.295885,0.01729,0.466146,0.023826,384
risk_budgeted_goal_recovery,6,0.625,0.019904,0.550584,0.003208,0.46249,0.002537,0.067708,0.010995,0.020399,0.006216,0.063368,0.010724,0.395399,0.02093,0.450521,0.020972,0.651087,0.008005,0.244176,0.0007,0.077575,0.001048,0.32784,0.01735,0.442509,0.024083,384
risk_budgeted_goal_recovery,7,0.653212,0.019949,0.551439,0.003253,0.464085,0.002645,0.066406,0.010572,0.021267,0.006529,0.066406,0.009935,0.40191,0.020103,0.4375,0.020301,0.650293,0.007951,0.244147,0.000658,0.077382,0.000994,0.303327,0.017428,0.469869,0.023613,384
risk_budgeted_goal_recovery,8,0.640191,0.020713,0.551075,0.003258,0.463798,0.002606,0.061198,0.010336,0.019965,0.006053,0.069444,0.010616,0.392361,0.018775,0.459635,0.020769,0.649227,0.007985,0.244378,0.000674,0.077092,0.001036,0.31417,0.018033,0.460137,0.024781,384
risk_budgeted_goal_recovery,9,0.636285,0.021162,0.551068,0.003271,0.461641,0.00254,0.072483,0.011183,0.021701,0.00657,0.057726,0.009367,0.394097,0.021089,0.448351,0.020303,0.650829,0.008107,0.244425,0.000673,0.077469,0.000982,0.31772,0.018475,0.452999,0.024969,384
risk_calibrated_goal_belief_revision_v5,0,0.770833,0.016822,0.741765,0.003339,0.615454,0.002575,0.010417,0.00404,0.000434,0.000851,0.007812,0.003728,0.548177,0.020353,0.580295,0.020299,0.496612,0.008037,0.272304,0.000625,0.030167,0.001033,0.199955,0.014652,0.706533,0.017148,384
risk_calibrated_goal_belief_revision_v5,1,0.789497,0.017836,0.740361,0.003222,0.616025,0.002539,0.010851,0.004291,0.000434,0.000851,0.009983,0.00414,0.539497,0.020504,0.598524,0.020528,0.497974,0.008201,0.272778,0.000677,0.029975,0.000978,0.184074,0.015592,0.723767,0.018592,384
risk_calibrated_goal_belief_revision_v5,2,0.789497,0.016745,0.740933,0.003231,0.615841,0.002619,0.011285,0.004363,0.0,0.0,0.008681,0.004081,0.543837,0.020416,0.591146,0.021092,0.496083,0.00809,0.272571,0.000676,0.02962,0.000986,0.184131,0.014639,0.72481,0.017689,384
risk_calibrated_goal_belief_revision_v5,3,0.779514,0.01625,0.741199,0.00326,0.615247,0.002547,0.011285,0.004527,0.000868,0.001201,0.006944,0.003546,0.540365,0.020908,0.602865,0.020981,0.497127,0.007977,0.272572,0.000654,0.029547,0.001033,0.192656,0.014173,0.715204,0.016842,384
risk_calibrated_goal_belief_revision_v5,4,0.777778,0.016979,0.743307,0.003234,0.615113,0.002598,0.005208,0.002904,0.000868,0.001201,0.00651,0.003234,0.536458,0.019897,0.576389,0.019964,0.497393,0.008131,0.272349,0.000681,0.029467,0.000982,0.194365,0.014868,0.716712,0.017321,384
risk_calibrated_goal_belief_revision_v5,5,0.757812,0.019333,0.741581,0.003335,0.615201,0.002531,0.010851,0.004457,0.00217,0.001892,0.006076,0.003562,0.536024,0.019029,0.578559,0.019343,0.496803,0.008075,0.272018,0.000677,0.029814,0.001058,0.211344,0.016829,0.691616,0.019906,384
risk_calibrated_goal_belief_revision_v5,6,0.78559,0.016659,0.741893,0.003233,0.616097,0.002641,0.013455,0.005808,0.001736,0.001695,0.004774,0.002784,0.53559,0.021354,0.569878,0.020184,0.496951,0.008104,0.271988,0.000653,0.029848,0.001012,0.187437,0.014534,0.718411,0.0177,384
risk_calibrated_goal_belief_revision_v5,7,0.771267,0.016512,0.741846,0.003305,0.615353,0.002579,0.009115,0.003982,0.000434,0.000851,0.00651,0.003234,0.535156,0.020228,0.592014,0.019292,0.497351,0.008165,0.272147,0.000652,0.029946,0.001031,0.200218,0.014481,0.708417,0.016927,384
risk_calibrated_goal_belief_revision_v5,8,0.788194,0.016775,0.742029,0.003299,0.61654,0.00263,0.008247,0.003815,0.000868,0.001201,0.006944,0.003335,0.533854,0.020339,0.575955,0.020072,0.496195,0.007944,0.272549,0.000667,0.029707,0.00106,0.18494,0.014619,0.724419,0.017265,384
risk_calibrated_goal_belief_revision_v5,9,0.780816,0.017966,0.740623,0.003214,0.614506,0.002646,0.009983,0.00414,0.000434,0.000851,0.008247,0.00362,0.553385,0.020365,0.584201,0.020121,0.496465,0.008222,0.27286,0.000686,0.029868,0.001008,0.191365,0.01566,0.71701,0.018234,384
robust_mpc_replan,0,0.609809,0.020449,0.467536,0.003297,0.433787,0.002599,0.082899,0.011803,0.02908,0.006884,0.090712,0.012084,0.351128,0.019323,0.429253,0.020404,0.715776,0.008106,0.237336,0.000672,0.110539,0.001023,0.340871,0.017838,0.381654,0.024886,384
robust_mpc_replan,1,0.628038,0.01958,0.467756,0.003236,0.433408,0.00259,0.085503,0.012104,0.030382,0.007389,0.08941,0.011663,0.357639,0.018891,0.409288,0.020359,0.715587,0.008058,0.236694,0.000711,0.110552,0.001054,0.32492,0.017003,0.398253,0.023864,384
robust_mpc_replan,2,0.607639,0.019791,0.467652,0.003261,0.433125,0.002572,0.093316,0.011944,0.037326,0.007748,0.086806,0.01192,0.370226,0.02034,0.414062,0.019645,0.715579,0.008048,0.237269,0.000714,0.11008,0.001021,0.343239,0.017288,0.366531,0.024659,384
robust_mpc_replan,3,0.617188,0.020763,0.467979,0.003276,0.434374,0.002733,0.085503,0.012044,0.038628,0.007824,0.090712,0.011594,0.363715,0.020747,0.413194,0.020046,0.715374,0.008055,0.237159,0.000679,0.110873,0.001076,0.334332,0.018093,0.377958,0.025616,384
robust_mpc_replan,4,0.622396,0.020741,0.467235,0.003296,0.433149,0.002641,0.08941,0.01262,0.039931,0.007805,0.097222,0.012206,0.361545,0.019977,0.433594,0.020014,0.716181,0.00798,0.237114,0.000689,0.110706,0.001064,0.329717,0.018017,0.377593,0.025583,384
robust_mpc_replan,5,0.590712,0.021128,0.467531,0.003324,0.434068,0.002602,0.088542,0.012624,0.032986,0.007375,0.083767,0.011364,0.346354,0.019492,0.414497,0.01983,0.715652,0.007998,0.236668,0.00073,0.110489,0.001025,0.357371,0.018428,0.360157,0.025233,384
robust_mpc_replan,6,0.582899,0.020969,0.466706,0.003319,0.432848,0.002655,0.088976,0.011851,0.030382,0.007582,0.085503,0.011739,0.354601,0.018521,0.412326,0.020008,0.714607,0.008066,0.237173,0.000739,0.110506,0.001013,0.364666,0.018276,0.352638,0.024339,384
robust_mpc_replan,7,0.599392,0.020416,0.467639,0.003294,0.433124,0.002658,0.092448,0.011768,0.034722,0.007393,0.098958,0.012537,0.342014,0.018989,0.405382,0.020624,0.714752,0.008018,0.237204,0.000695,0.110141,0.001014,0.350324,0.017862,0.352303,0.025171,384
robust_mpc_replan,8,0.600694,0.01957,0.467578,0.003223,0.433606,0.002585,0.081163,0.011801,0.03559,0.00745,0.09158,0.012607,0.363281,0.019658,0.417101,0.020337,0.713798,0.008006,0.236448,0.000702,0.110226,0.001033,0.348667,0.017025,0.365874,0.024509,384
robust_mpc_replan,9,0.60026,0.02055,0.467208,0.003256,0.433336,0.002654,0.091146,0.011653,0.03776,0.008402,0.082899,0.0113,0.356771,0.019911,0.403212,0.018961,0.714865,0.008084,0.237291,0.000727,0.110654,0.001034,0.349228,0.017937,0.362727,0.025776,384
uncertainty_halt,0,0.494358,0.021592,0.36905,0.003264,0.267193,0.002662,0.15408,0.015586,0.058594,0.009843,0.132812,0.015848,0.222222,0.016807,0.226562,0.017548,0.794977,0.008017,0.211032,0.000716,0.148315,0.001028,0.441321,0.018753,0.147701,0.028161,384
uncertainty_halt,1,0.463542,0.021238,0.368643,0.003282,0.266949,0.002657,0.135851,0.014301,0.055122,0.008475,0.128038,0.014263,0.242622,0.017648,0.227865,0.017147,0.795865,0.008083,0.210735,0.000732,0.148716,0.001025,0.468865,0.018461,0.140812,0.026733,384
uncertainty_halt,2,0.467882,0.020721,0.368068,0.003154,0.266113,0.002512,0.127604,0.014528,0.056424,0.009561,0.119792,0.013566,0.226997,0.016222,0.239583,0.017633,0.797195,0.008029,0.210971,0.000717,0.14846,0.001049,0.465224,0.017959,0.150603,0.02681,384
uncertainty_halt,3,0.488715,0.019981,0.369165,0.00333,0.265191,0.00257,0.134549,0.014845,0.044705,0.008744,0.125434,0.014543,0.238281,0.01725,0.230469,0.017263,0.795712,0.008006,0.211069,0.000713,0.148635,0.001011,0.446674,0.017381,0.173843,0.02697,384
uncertainty_halt,4,0.455729,0.019847,0.368209,0.00324,0.266791,0.002521,0.136285,0.015735,0.055122,0.009134,0.121528,0.013836,0.233507,0.016913,0.228299,0.018139,0.796145,0.008032,0.210732,0.000709,0.148563,0.00102,0.475671,0.017298,0.13126,0.026435,384
uncertainty_halt,5,0.488715,0.021553,0.368589,0.003308,0.265654,0.002654,0.123264,0.014099,0.050781,0.009228,0.126736,0.013304,0.223524,0.01738,0.215278,0.017192,0.795639,0.008101,0.211205,0.000745,0.148627,0.00104,0.446288,0.018745,0.171248,0.026532,384
uncertainty_halt,6,0.454427,0.020555,0.368153,0.003312,0.266265,0.002636,0.135417,0.014468,0.056858,0.009497,0.132812,0.014104,0.240017,0.018162,0.240451,0.017263,0.796933,0.008056,0.210041,0.000707,0.148518,0.001061,0.477078,0.017866,0.129499,0.027229,384
uncertainty_halt,7,0.490017,0.022595,0.367869,0.003284,0.266339,0.002716,0.138889,0.015364,0.05816,0.009684,0.114583,0.013801,0.234809,0.016225,0.239149,0.017589,0.796714,0.008082,0.210539,0.000681,0.148686,0.001025,0.445494,0.019611,0.1653,0.029772,384
uncertainty_halt,8,0.489583,0.021115,0.369631,0.003326,0.266241,0.002621,0.13151,0.01485,0.053819,0.009093,0.115017,0.013144,0.244792,0.01786,0.234809,0.018246,0.794625,0.008105,0.210551,0.000729,0.148131,0.001019,0.445635,0.018337,0.175579,0.026763,384
uncertainty_halt,9,0.469618,0.018686,0.36929,0.003332,0.266312,0.002602,0.146267,0.015172,0.055556,0.009687,0.119792,0.013241,0.240885,0.017804,0.219618,0.017483,0.797126,0.008166,0.211122,0.000748,0.148567,0.00105,0.463372,0.016284,0.140591,0.02353,384
