method,split,mean_mean_success,ci95_mean_success,mean_mean_goal_validity_f1,ci95_mean_goal_validity_f1,mean_mean_retarget_precision,ci95_mean_retarget_precision,mean_mean_stale_goal_pursuit,ci95_mean_stale_goal_pursuit,mean_mean_unsafe_reach,ci95_mean_unsafe_reach,mean_mean_false_abandonment,ci95_mean_false_abandonment,mean_mean_reappearance_recovery,ci95_mean_reappearance_recovery,mean_mean_substitute_goal_success,ci95_mean_substitute_goal_success,mean_mean_belief_update_latency,ci95_mean_belief_update_latency,mean_mean_intervention_cost,ci95_mean_intervention_cost,mean_mean_ece,ci95_mean_ece,mean_mean_regret,ci95_mean_regret,mean_mean_utility,ci95_mean_utility,groups
active_subgoal_probe_policy,combined_extreme,0.601042,0.012151,0.502935,0.000542,0.405267,0.000902,0.099653,0.011299,0.039236,0.004871,0.067014,0.011299,0.396528,0.016066,0.367014,0.02362,0.726281,0.000836,0.267311,0.00072,0.12061,0.000343,0.344189,0.010346,0.355026,0.016346,10
active_subgoal_probe_policy,delayed_reappearance_shift,0.643403,0.013688,0.561177,0.001296,0.429477,0.000742,0.102431,0.010749,0.028819,0.004064,0.070139,0.007231,0.398264,0.018178,0.432639,0.009474,0.691972,0.0009,0.267519,0.000665,0.107522,0.000372,0.310559,0.011938,0.408253,0.007381,10
active_subgoal_probe_policy,goal_change_shift,0.625,0.00497,0.532975,0.000494,0.424761,0.000891,0.086458,0.01118,0.031597,0.006452,0.055556,0.008608,0.465278,0.015386,0.386806,0.013806,0.636425,0.001244,0.266167,0.000768,0.112363,0.000424,0.327406,0.004245,0.41103,0.010199,10
active_subgoal_probe_policy,human_obstruction_shift,0.641667,0.018535,0.553823,0.000734,0.435942,0.001365,0.087153,0.009702,0.039236,0.005276,0.055208,0.008332,0.427083,0.010592,0.426042,0.017128,0.671784,0.00119,0.267143,0.000511,0.111561,0.000445,0.312483,0.015945,0.419831,0.018168,10
active_subgoal_probe_policy,nominal,0.664583,0.015089,0.61785,0.001182,0.477277,0.000908,0.049306,0.010186,0.023264,0.005078,0.042361,0.008229,0.511806,0.022644,0.436111,0.010104,0.52321,0.001312,0.265116,0.000449,0.088566,0.000382,0.297654,0.013451,0.508871,0.017676,10
active_subgoal_probe_policy,occlusion_heavy_shift,0.642361,0.022157,0.562404,0.000878,0.462364,0.000696,0.066667,0.009878,0.029514,0.008068,0.047222,0.004991,0.459722,0.019228,0.442361,0.019493,0.609578,0.001773,0.266176,0.000642,0.104872,0.000509,0.314068,0.019367,0.455646,0.019266,10
active_subgoal_probe_policy,physical_removal_shift,0.642708,0.020827,0.546498,0.001272,0.444303,0.001031,0.080903,0.004975,0.034028,0.007845,0.047222,0.006896,0.480556,0.021406,0.409722,0.021616,0.620652,0.00159,0.266043,0.000591,0.108595,0.000398,0.313385,0.018396,0.439422,0.02217,10
active_subgoal_probe_policy,substitute_ambiguity_shift,0.615625,0.017158,0.535978,0.001105,0.413503,0.001152,0.082639,0.00993,0.036458,0.005098,0.054167,0.007605,0.445486,0.01769,0.369097,0.013384,0.646311,0.001266,0.266579,0.000746,0.112106,0.000451,0.334611,0.014867,0.397828,0.019546,10
active_viewpoint_reacquisition,combined_extreme,0.510069,0.020149,0.392819,0.001121,0.262967,0.000777,0.190625,0.009487,0.075,0.010053,0.089236,0.012673,0.358681,0.022732,0.254514,0.013307,0.806929,0.00164,0.247429,0.000606,0.152582,0.000362,0.423044,0.017429,0.143139,0.020703,10
active_viewpoint_reacquisition,delayed_reappearance_shift,0.544792,0.016653,0.450274,0.001287,0.287314,0.001291,0.14375,0.005193,0.062153,0.008394,0.095833,0.01103,0.352778,0.019254,0.278819,0.017397,0.772655,0.001449,0.247962,0.000606,0.139436,0.000312,0.396421,0.014618,0.225411,0.021081,10
active_viewpoint_reacquisition,goal_change_shift,0.523611,0.015211,0.422064,0.001024,0.282641,0.000943,0.142708,0.014328,0.057986,0.007249,0.070833,0.006821,0.423611,0.01792,0.240972,0.01214,0.718291,0.001147,0.246406,0.000602,0.144227,0.000484,0.416139,0.013278,0.226695,0.015015,10
active_viewpoint_reacquisition,human_obstruction_shift,0.550347,0.013733,0.442943,0.00137,0.292113,0.000505,0.139931,0.012344,0.067361,0.013918,0.084028,0.013679,0.376736,0.019362,0.274306,0.017977,0.753476,0.001686,0.247711,0.000344,0.143391,0.000172,0.391921,0.011953,0.232724,0.023722,10
active_viewpoint_reacquisition,nominal,0.608681,0.013949,0.506022,0.000991,0.33493,0.000607,0.090625,0.016959,0.039583,0.006896,0.065625,0.008455,0.439931,0.021925,0.292361,0.021516,0.603777,0.002145,0.245314,0.000519,0.120451,0.000533,0.347484,0.012332,0.378622,0.020958,10
active_viewpoint_reacquisition,occlusion_heavy_shift,0.583333,0.016854,0.450808,0.000907,0.320558,0.000904,0.110764,0.008208,0.055556,0.007726,0.067708,0.009797,0.405556,0.014304,0.273264,0.010643,0.689284,0.001538,0.246473,0.000689,0.136879,0.000279,0.365761,0.014779,0.312903,0.011628,10
active_viewpoint_reacquisition,physical_removal_shift,0.560764,0.019415,0.435844,0.000684,0.302398,0.001096,0.128125,0.014647,0.064236,0.005671,0.069097,0.012567,0.416667,0.017067,0.268056,0.018312,0.701274,0.001611,0.246023,0.000459,0.140897,0.000403,0.385025,0.017022,0.269525,0.022528,10
active_viewpoint_reacquisition,substitute_ambiguity_shift,0.537153,0.015881,0.424704,0.001043,0.272971,0.000674,0.149306,0.013836,0.061806,0.006866,0.082639,0.011909,0.387847,0.014421,0.234375,0.016366,0.728634,0.001532,0.246471,0.000783,0.144305,0.000379,0.403125,0.01362,0.220437,0.014655,10
conformal_goal_validity_filter,combined_extreme,0.551736,0.013206,0.495706,0.000854,0.391953,0.000905,0.107986,0.012066,0.035417,0.007975,0.092014,0.013042,0.301042,0.021282,0.370139,0.019782,0.74694,0.001347,0.220031,0.000583,0.078881,0.000461,0.386999,0.011342,0.304635,0.017635,10
conformal_goal_validity_filter,delayed_reappearance_shift,0.595139,0.014952,0.553328,0.000815,0.415573,0.000388,0.093056,0.014972,0.027778,0.009074,0.102431,0.010457,0.291667,0.023857,0.406944,0.017448,0.711456,0.001178,0.220793,0.000617,0.065628,0.000365,0.35271,0.01306,0.366269,0.017919,10
conformal_goal_validity_filter,goal_change_shift,0.589583,0.021324,0.52583,0.000651,0.411708,0.001077,0.078472,0.011883,0.027778,0.006002,0.063542,0.008056,0.359375,0.018409,0.379514,0.017158,0.65714,0.001281,0.219768,0.000744,0.070653,0.000157,0.358618,0.01853,0.396971,0.024621,10
conformal_goal_validity_filter,human_obstruction_shift,0.584375,0.021087,0.546353,0.000485,0.421082,0.001149,0.079514,0.012649,0.027778,0.00673,0.089931,0.01118,0.304861,0.012081,0.403125,0.017846,0.693122,0.001532,0.220398,0.00065,0.06981,0.000312,0.362269,0.01846,0.370251,0.023033,10
conformal_goal_validity_filter,nominal,0.640625,0.019731,0.609505,0.001181,0.463471,0.001164,0.044097,0.008789,0.013889,0.004058,0.044444,0.006714,0.399653,0.016151,0.416319,0.024694,0.543931,0.001236,0.216998,0.000803,0.046962,0.000243,0.318997,0.017549,0.510304,0.018986,10
conformal_goal_validity_filter,occlusion_heavy_shift,0.614236,0.016498,0.555667,0.001068,0.448359,0.000633,0.064583,0.004887,0.021528,0.003769,0.065972,0.005916,0.340278,0.013421,0.405208,0.014877,0.629545,0.001271,0.21874,0.00067,0.063617,0.00037,0.338523,0.014637,0.438067,0.016595,10
conformal_goal_validity_filter,physical_removal_shift,0.613889,0.01777,0.538812,0.001215,0.430736,0.001299,0.068403,0.007796,0.027431,0.005506,0.061806,0.009773,0.373958,0.012427,0.378819,0.011851,0.64077,0.001214,0.218616,0.000397,0.067233,0.000518,0.33849,0.01565,0.431948,0.019842,10
conformal_goal_validity_filter,substitute_ambiguity_shift,0.608681,0.027091,0.528409,0.00063,0.401183,0.000762,0.072917,0.007245,0.028125,0.002949,0.069792,0.010168,0.356597,0.016825,0.368403,0.012193,0.668322,0.001862,0.218772,0.000566,0.070239,0.000305,0.340697,0.023441,0.413284,0.030957,10
failure_aware_manipulation_policy,combined_extreme,0.572917,0.016824,0.449623,0.00086,0.403498,0.000903,0.111111,0.006496,0.052431,0.008332,0.089236,0.009786,0.326389,0.017747,0.393056,0.015645,0.775093,0.00105,0.228007,0.000757,0.127227,0.000412,0.368648,0.014415,0.296298,0.021413,10
failure_aware_manipulation_policy,delayed_reappearance_shift,0.601389,0.019483,0.508925,0.001146,0.428461,0.000827,0.105903,0.019861,0.032292,0.004428,0.090278,0.011433,0.311111,0.016738,0.416667,0.015218,0.741226,0.001536,0.228241,0.000424,0.114506,0.000306,0.347081,0.016912,0.349877,0.030053,10
failure_aware_manipulation_policy,goal_change_shift,0.600694,0.017306,0.481515,0.000632,0.42342,0.000744,0.079861,0.007858,0.036806,0.005482,0.070139,0.010484,0.387153,0.01556,0.391319,0.013949,0.684995,0.001427,0.226886,0.000697,0.119095,0.000273,0.348764,0.015315,0.381844,0.017454,10
failure_aware_manipulation_policy,human_obstruction_shift,0.603819,0.026965,0.500679,0.001432,0.434965,0.000543,0.090972,0.014123,0.042708,0.005373,0.090972,0.012123,0.339583,0.014554,0.419097,0.014313,0.72165,0.001403,0.22778,0.000568,0.118762,0.000405,0.345126,0.023431,0.358769,0.02686,10
failure_aware_manipulation_policy,nominal,0.652083,0.012123,0.565516,0.000744,0.476496,0.00104,0.052778,0.007014,0.023958,0.003119,0.048611,0.010543,0.420833,0.022222,0.435069,0.021378,0.572704,0.000704,0.226006,0.000558,0.095422,0.000275,0.308829,0.010862,0.492198,0.016826,10
failure_aware_manipulation_policy,occlusion_heavy_shift,0.619097,0.016579,0.511286,0.000662,0.461247,0.00138,0.072917,0.007858,0.031597,0.008081,0.077431,0.006959,0.377778,0.01848,0.438194,0.011909,0.659536,0.001431,0.226825,0.000429,0.111839,0.00037,0.334291,0.014469,0.410303,0.015213,10
failure_aware_manipulation_policy,physical_removal_shift,0.614931,0.018636,0.494694,0.001384,0.443924,0.00089,0.072917,0.008427,0.034028,0.00679,0.059028,0.004758,0.398611,0.023152,0.404861,0.01746,0.671152,0.001094,0.226565,0.000559,0.115514,0.000319,0.337456,0.01628,0.411889,0.024794,10
failure_aware_manipulation_policy,substitute_ambiguity_shift,0.601736,0.018515,0.483137,0.000733,0.41352,0.000813,0.098264,0.010198,0.042708,0.00642,0.080903,0.010834,0.368403,0.014147,0.374306,0.020004,0.696596,0.001828,0.227652,0.000453,0.119147,0.000464,0.347021,0.016213,0.358749,0.018984,10
goal_retargeting_heuristic,combined_extreme,0.531597,0.010269,0.364531,0.001329,0.411331,0.000726,0.122569,0.009943,0.054514,0.006579,0.129514,0.012954,0.245833,0.01733,0.394792,0.016517,0.845603,0.001562,0.221946,0.000423,0.146062,0.00049,0.404206,0.008992,0.213594,0.010883,10
goal_retargeting_heuristic,delayed_reappearance_shift,0.551389,0.016664,0.422629,0.00099,0.435709,0.000916,0.103819,0.008145,0.041319,0.005868,0.120139,0.008914,0.238194,0.01197,0.433333,0.016162,0.810141,0.00094,0.222632,0.000568,0.132878,0.00041,0.390669,0.014431,0.268308,0.015659,10
goal_retargeting_heuristic,goal_change_shift,0.566667,0.017031,0.39406,0.000886,0.432149,0.001,0.100347,0.012444,0.047222,0.009688,0.098611,0.010746,0.301389,0.011779,0.375,0.011744,0.755439,0.001683,0.220914,0.000587,0.137754,0.000195,0.378438,0.014873,0.297563,0.021697,10
goal_retargeting_heuristic,human_obstruction_shift,0.554514,0.016329,0.413674,0.000955,0.442373,0.001265,0.098264,0.008119,0.05,0.00774,0.110069,0.008847,0.272917,0.020346,0.425694,0.010936,0.793199,0.001569,0.221383,0.000573,0.136875,0.000391,0.388083,0.014324,0.275332,0.019209,10
goal_retargeting_heuristic,nominal,0.613194,0.017253,0.478997,0.001217,0.483451,0.001302,0.052431,0.005218,0.028125,0.00604,0.070833,0.004328,0.35625,0.01686,0.444444,0.014347,0.643266,0.001708,0.217992,0.000531,0.113908,0.00037,0.343136,0.015371,0.42799,0.020479,10
goal_retargeting_heuristic,occlusion_heavy_shift,0.568403,0.02145,0.424257,0.001254,0.469924,0.001021,0.068403,0.011702,0.046181,0.007595,0.092708,0.011614,0.293056,0.01272,0.438889,0.015789,0.730047,0.001275,0.220126,0.000684,0.129902,0.000344,0.378861,0.018981,0.330537,0.026708,10
goal_retargeting_heuristic,physical_removal_shift,0.577083,0.017419,0.407743,0.000588,0.45082,0.000697,0.085069,0.010259,0.051389,0.006714,0.075694,0.009006,0.305556,0.008242,0.406944,0.013413,0.739416,0.001386,0.219915,0.000604,0.133575,0.000364,0.370745,0.015412,0.331153,0.018692,10
goal_retargeting_heuristic,substitute_ambiguity_shift,0.561111,0.014848,0.396548,0.000824,0.421381,0.001121,0.094444,0.011866,0.048611,0.007793,0.099306,0.011709,0.30625,0.019719,0.392014,0.015267,0.765467,0.001266,0.220901,0.000698,0.13755,0.000309,0.38234,0.012882,0.293773,0.017596,10
last_seen_goal_pursuit,combined_extreme,0.315278,0.017799,0.127786,0.000534,0.122501,0.000878,0.255208,0.020649,0.110417,0.010236,0.18125,0.011469,0.092014,0.012681,0.1,0.007713,1.028491,0.00139,0.138419,0.000637,0.224384,0.000418,0.590951,0.015269,-0.17359,0.019599,10
last_seen_goal_pursuit,delayed_reappearance_shift,0.377083,0.014952,0.185894,0.001144,0.147275,0.001123,0.241319,0.025388,0.104514,0.00827,0.169097,0.014808,0.079167,0.007159,0.126042,0.015521,0.99466,0.00115,0.138635,0.00061,0.211245,0.000204,0.542624,0.013141,-0.09264,0.027148,10
last_seen_goal_pursuit,goal_change_shift,0.361806,0.023549,0.156876,0.000979,0.141867,0.000957,0.214583,0.01466,0.095833,0.014497,0.149653,0.014037,0.1375,0.010406,0.108681,0.008119,0.940359,0.001588,0.136212,0.000472,0.216085,0.000473,0.557288,0.02075,-0.070058,0.030374,10
last_seen_goal_pursuit,human_obstruction_shift,0.365625,0.017893,0.177592,0.000912,0.152448,0.000797,0.215278,0.013228,0.108681,0.009734,0.15625,0.012913,0.091319,0.010046,0.117014,0.010594,0.976007,0.000565,0.138124,0.000656,0.215324,0.000521,0.552897,0.01574,-0.080673,0.022864,10
last_seen_goal_pursuit,nominal,0.466667,0.020895,0.241574,0.000798,0.194703,0.000734,0.136111,0.017741,0.06875,0.012081,0.104167,0.010445,0.192708,0.015593,0.153819,0.015421,0.826673,0.000883,0.134282,0.000455,0.192561,0.000424,0.473505,0.018489,0.14757,0.022925,10
last_seen_goal_pursuit,occlusion_heavy_shift,0.390278,0.015089,0.187776,0.001225,0.18049,0.001041,0.165625,0.00642,0.1,0.01434,0.135417,0.009408,0.134028,0.0085,0.148264,0.011208,0.91275,0.001755,0.136637,0.00029,0.208979,0.000435,0.535227,0.013421,0.000338,0.024175,10
last_seen_goal_pursuit,physical_removal_shift,0.379514,0.021807,0.171365,0.000763,0.162417,0.00163,0.206944,0.013844,0.097569,0.007347,0.135069,0.005218,0.153125,0.015862,0.123611,0.01235,0.922884,0.001631,0.135431,0.000573,0.212542,0.000286,0.54368,0.019169,-0.03701,0.019074,10
last_seen_goal_pursuit,substitute_ambiguity_shift,0.3625,0.017073,0.16013,0.00101,0.132394,0.000945,0.2125,0.013791,0.097917,0.011424,0.139931,0.013112,0.129514,0.011963,0.096528,0.006559,0.949674,0.000681,0.136499,0.000543,0.216233,0.000433,0.55504,0.014882,-0.061807,0.016006,10
learned_goal_state_classifier,combined_extreme,0.582986,0.018274,0.515725,0.000485,0.414153,0.001391,0.099653,0.014843,0.034375,0.006839,0.084375,0.007527,0.335417,0.021597,0.390625,0.017898,0.727283,0.00149,0.215955,0.000564,0.109142,0.000302,0.360004,0.016092,0.344829,0.023403,10
learned_goal_state_classifier,delayed_reappearance_shift,0.614931,0.016653,0.574052,0.001227,0.43819,0.001103,0.092014,0.009312,0.034028,0.006237,0.082986,0.013284,0.342014,0.015124,0.427431,0.01198,0.691359,0.00145,0.216736,0.000487,0.096517,0.00045,0.335249,0.014533,0.389039,0.018632,10
learned_goal_state_classifier,goal_change_shift,0.626042,0.014527,0.546538,0.000871,0.434252,0.001073,0.081597,0.006749,0.0375,0.008292,0.062847,0.010066,0.390278,0.016982,0.385417,0.019356,0.637244,0.001792,0.214484,0.00075,0.101499,0.000359,0.326515,0.012629,0.420114,0.022599,10
learned_goal_state_classifier,human_obstruction_shift,0.609375,0.014919,0.56646,0.00121,0.444431,0.000897,0.076042,0.010218,0.034375,0.005016,0.084722,0.012557,0.340972,0.020612,0.4,0.015579,0.673972,0.000692,0.216326,0.000335,0.100878,0.0003,0.340387,0.01285,0.392091,0.01312,10
learned_goal_state_classifier,nominal,0.671181,0.023576,0.630136,0.000795,0.486192,0.001288,0.055903,0.008394,0.022917,0.008378,0.047917,0.010917,0.429167,0.020522,0.463194,0.023775,0.524611,0.00135,0.213432,0.000579,0.077444,0.000507,0.291814,0.021011,0.522084,0.025563,10
learned_goal_state_classifier,occlusion_heavy_shift,0.629167,0.021154,0.575075,0.00073,0.473132,0.001159,0.062153,0.009487,0.027431,0.00328,0.077431,0.007319,0.386806,0.01439,0.441667,0.018646,0.611198,0.001369,0.214722,0.000672,0.093631,0.000229,0.325578,0.018768,0.44355,0.019294,10
learned_goal_state_classifier,physical_removal_shift,0.619444,0.019039,0.56005,0.000726,0.454603,0.001096,0.069444,0.012216,0.029861,0.003823,0.056597,0.010787,0.401736,0.020518,0.416667,0.015912,0.621643,0.001378,0.215004,0.000509,0.097725,0.0006,0.333679,0.016774,0.435703,0.023851,10
learned_goal_state_classifier,substitute_ambiguity_shift,0.634028,0.01103,0.548308,0.00123,0.423447,0.000818,0.079514,0.006839,0.033681,0.006733,0.071181,0.011444,0.379861,0.013955,0.389583,0.018312,0.647184,0.001354,0.215327,0.000475,0.101405,0.000226,0.318713,0.009668,0.425189,0.011021,10
memory_only_belief_tracking,combined_extreme,0.395486,0.016023,0.265336,0.000901,0.189101,0.001095,0.217361,0.010794,0.111458,0.006372,0.161806,0.013118,0.162153,0.010046,0.145139,0.01322,0.920365,0.001174,0.148353,0.000276,0.195666,0.000387,0.521508,0.013638,-0.051462,0.016748,10
memory_only_belief_tracking,delayed_reappearance_shift,0.437153,0.019019,0.324149,0.001229,0.213321,0.000798,0.199653,0.022047,0.087153,0.013628,0.162847,0.007555,0.147917,0.015723,0.217361,0.011442,0.88811,0.001722,0.147234,0.000727,0.182615,0.000316,0.490162,0.016681,0.021822,0.029134,10
memory_only_belief_tracking,goal_change_shift,0.419792,0.022307,0.295852,0.001078,0.208919,0.001102,0.173264,0.008081,0.097222,0.010927,0.126736,0.008381,0.200694,0.014268,0.170486,0.01776,0.832831,0.000917,0.145777,0.000931,0.187047,0.000332,0.506938,0.019548,0.039573,0.025087,10
memory_only_belief_tracking,human_obstruction_shift,0.427778,0.012825,0.315718,0.000786,0.219309,0.001352,0.186458,0.013191,0.091667,0.008439,0.146181,0.010948,0.163194,0.019672,0.187153,0.012567,0.868606,0.001352,0.147633,0.000658,0.186528,0.00033,0.498741,0.010825,0.028445,0.016258,10
memory_only_belief_tracking,nominal,0.520139,0.018866,0.380234,0.000613,0.260291,0.000864,0.099306,0.008192,0.066667,0.009342,0.09375,0.014383,0.255208,0.013315,0.205556,0.013717,0.719142,0.000998,0.143202,0.000405,0.163105,0.000272,0.425741,0.016787,0.246701,0.022859,10
memory_only_belief_tracking,occlusion_heavy_shift,0.459722,0.014744,0.326288,0.001016,0.24778,0.000864,0.148264,0.01251,0.077778,0.0085,0.123264,0.007403,0.194097,0.014506,0.206944,0.009741,0.805194,0.001236,0.146178,0.000678,0.180008,0.000492,0.474419,0.013105,0.11528,0.020486,10
memory_only_belief_tracking,physical_removal_shift,0.445486,0.017337,0.308407,0.000926,0.229355,0.001027,0.155903,0.010806,0.082639,0.007845,0.121875,0.01389,0.216319,0.019304,0.194792,0.016529,0.815787,0.001013,0.144854,0.000855,0.183249,0.000384,0.48596,0.015094,0.094866,0.02337,10
memory_only_belief_tracking,substitute_ambiguity_shift,0.418403,0.01852,0.297814,0.00081,0.198508,0.000764,0.181597,0.010497,0.090972,0.010823,0.134028,0.015789,0.199653,0.008004,0.146181,0.015991,0.842292,0.001366,0.145588,0.00089,0.187366,0.000387,0.506529,0.01641,0.033304,0.023818,10
oracle_goal_state_supervisor,combined_extreme,0.851042,0.01071,0.757171,0.001005,0.638356,0.000628,0.000694,0.001361,0.0,0.0,0.0,0.0,0.530556,0.02542,0.615625,0.019224,0.529809,0.000897,0.275616,0.000821,0.02515,0.000397,0.0,0.0,0.797901,0.011564,10
oracle_goal_state_supervisor,delayed_reappearance_shift,0.880208,0.010555,0.815527,0.001317,0.662394,0.000669,0.0,0.0,0.0,0.0,0.000347,0.000681,0.550347,0.01312,0.668056,0.017043,0.494969,0.001477,0.275342,0.001,0.012061,0.000356,0.0,0.0,0.835337,0.009851,10
oracle_goal_state_supervisor,goal_change_shift,0.874306,0.010582,0.785782,0.000839,0.658042,0.000754,0.0,0.0,0.0,0.0,0.0,0.0,0.605208,0.020164,0.611806,0.011735,0.439189,0.001294,0.27588,0.000681,0.017082,0.000269,0.0,0.0,0.831791,0.010257,10
oracle_goal_state_supervisor,human_obstruction_shift,0.864236,0.011807,0.807058,0.001078,0.669999,0.000817,0.0,0.0,0.0,0.0,0.0,0.0,0.549306,0.012622,0.644444,0.019703,0.476261,0.001631,0.275502,0.000726,0.016161,0.000411,0.0,0.0,0.818397,0.011876,10
oracle_goal_state_supervisor,nominal,0.897569,0.013081,0.870555,0.000722,0.710884,0.000894,0.0,0.0,0.0,0.0,0.0,0.0,0.666667,0.017601,0.663889,0.016756,0.327785,0.000765,0.276094,0.000622,0.001717,0.000103,0.0,0.0,0.867015,0.013155,10
oracle_goal_state_supervisor,occlusion_heavy_shift,0.882986,0.007105,0.816724,0.001204,0.697201,0.000948,0.0,0.0,0.0,0.0,0.0,0.0,0.594792,0.018515,0.661111,0.02004,0.41485,0.001192,0.27514,0.000696,0.009516,0.000344,0.0,0.0,0.844312,0.007469,10
oracle_goal_state_supervisor,physical_removal_shift,0.876389,0.013352,0.800656,0.00104,0.678021,0.001244,0.0,0.0,0.0,0.0,0.0,0.0,0.605556,0.020547,0.625694,0.013024,0.425085,0.001193,0.275327,0.000639,0.013139,0.000428,0.0,0.0,0.835726,0.013859,10
oracle_goal_state_supervisor,substitute_ambiguity_shift,0.875694,0.013181,0.791473,0.000945,0.648387,0.001222,0.0,0.0,0.0,0.0,0.0,0.0,0.6,0.015512,0.619444,0.023558,0.451157,0.000547,0.275912,0.00057,0.016525,0.000239,0.0,0.0,0.832781,0.012642,10
pomdp_belief_planner,combined_extreme,0.551736,0.016838,0.455178,0.001057,0.35694,0.000947,0.135417,0.009836,0.065972,0.010832,0.1,0.009176,0.3125,0.025625,0.317014,0.014492,0.769727,0.000845,0.226821,0.000397,0.131323,0.000393,0.386942,0.014624,0.236555,0.022853,10
pomdp_belief_planner,delayed_reappearance_shift,0.594792,0.019384,0.513652,0.001014,0.381727,0.000702,0.120486,0.00968,0.043403,0.006023,0.101389,0.012704,0.317361,0.01065,0.375347,0.014037,0.73426,0.001494,0.227472,0.000366,0.118167,0.000465,0.352864,0.016882,0.315276,0.024729,10
pomdp_belief_planner,goal_change_shift,0.578125,0.020041,0.485672,0.001233,0.377324,0.001042,0.102083,0.01065,0.045833,0.007014,0.081597,0.0121,0.386111,0.017181,0.335069,0.018959,0.679632,0.001107,0.226216,0.000612,0.122723,0.000314,0.368707,0.017486,0.325432,0.023065,10
pomdp_belief_planner,human_obstruction_shift,0.574306,0.017868,0.505179,0.000792,0.38807,0.000837,0.113542,0.008847,0.049653,0.008671,0.091667,0.007871,0.337847,0.024539,0.385764,0.019447,0.714995,0.002071,0.226559,0.000562,0.122381,0.000489,0.370769,0.015484,0.303464,0.024167,10
pomdp_belief_planner,nominal,0.631597,0.026013,0.569861,0.000523,0.429357,0.00095,0.065972,0.00896,0.038889,0.007975,0.057292,0.009691,0.425347,0.011263,0.401389,0.019388,0.565479,0.001247,0.224284,0.000523,0.099159,0.000254,0.327081,0.023225,0.441465,0.027685,10
pomdp_belief_planner,occlusion_heavy_shift,0.594444,0.018312,0.514919,0.001443,0.415639,0.000923,0.086111,0.010135,0.047222,0.006432,0.076389,0.010396,0.352431,0.013583,0.377778,0.011242,0.653073,0.001898,0.226006,0.000561,0.115744,0.000475,0.355909,0.016116,0.357109,0.019396,10
pomdp_belief_planner,physical_removal_shift,0.585764,0.012134,0.498811,0.000876,0.397226,0.000876,0.101736,0.009301,0.049306,0.007578,0.070486,0.009891,0.397569,0.018098,0.356944,0.020612,0.663959,0.001008,0.225136,0.000566,0.119515,0.00036,0.363076,0.010529,0.339915,0.015508,10
pomdp_belief_planner,substitute_ambiguity_shift,0.582639,0.019588,0.488984,0.000629,0.367524,0.000824,0.111806,0.013717,0.054167,0.008798,0.077778,0.007806,0.392361,0.028731,0.338889,0.022416,0.688817,0.000745,0.226059,0.000854,0.123015,0.000556,0.363376,0.017221,0.32002,0.02072,10
proposed_disappearing_goal_belief_revision_v4,combined_extreme,0.687153,0.016684,0.606395,0.001232,0.514633,0.001375,0.053819,0.010457,0.01875,0.00697,0.042708,0.007527,0.426736,0.019579,0.486458,0.024421,0.650664,0.001363,0.250785,0.000761,0.089779,0.000355,0.270217,0.01447,0.526537,0.012298,10
proposed_disappearing_goal_belief_revision_v4,delayed_reappearance_shift,0.701389,0.01763,0.664957,0.001157,0.540171,0.001201,0.050347,0.010005,0.012153,0.005487,0.045139,0.006955,0.428125,0.015686,0.521528,0.011558,0.615941,0.001037,0.250807,0.000693,0.076827,0.000319,0.259965,0.015348,0.555313,0.01546,10
proposed_disappearing_goal_belief_revision_v4,goal_change_shift,0.696181,0.010891,0.637166,0.001408,0.534332,0.000795,0.039236,0.007663,0.013542,0.003988,0.032639,0.008317,0.482639,0.018091,0.472917,0.017121,0.55978,0.001226,0.249291,0.00038,0.081178,0.000309,0.265556,0.009724,0.567311,0.016481,10
proposed_disappearing_goal_belief_revision_v4,human_obstruction_shift,0.694097,0.015131,0.657517,0.000767,0.546734,0.001093,0.040972,0.010435,0.014236,0.005016,0.045833,0.009506,0.423611,0.025865,0.512153,0.016585,0.597128,0.001423,0.25013,0.000525,0.080858,0.000566,0.266577,0.013144,0.551584,0.01445,10
proposed_disappearing_goal_belief_revision_v4,nominal,0.737847,0.012883,0.721006,0.001493,0.587597,0.000726,0.019792,0.004655,0.007292,0.003119,0.017708,0.005016,0.529514,0.018631,0.540972,0.014196,0.448524,0.001322,0.248708,0.000791,0.057435,0.000414,0.232834,0.011396,0.654737,0.015293,10
proposed_disappearing_goal_belief_revision_v4,occlusion_heavy_shift,0.714236,0.016641,0.666186,0.00088,0.573526,0.000807,0.030208,0.009301,0.010069,0.001884,0.032292,0.00642,0.472917,0.025257,0.542361,0.015379,0.534801,0.001022,0.249782,0.000692,0.074455,0.000306,0.250838,0.014764,0.600404,0.02,10
proposed_disappearing_goal_belief_revision_v4,physical_removal_shift,0.704167,0.014869,0.649728,0.001157,0.55471,0.001236,0.040972,0.00607,0.012847,0.003803,0.025,0.006154,0.487153,0.007663,0.516319,0.016917,0.546015,0.001254,0.249326,0.000491,0.078424,0.000212,0.259485,0.01299,0.582772,0.015404,10
proposed_disappearing_goal_belief_revision_v4,substitute_ambiguity_shift,0.694097,0.013089,0.638569,0.001109,0.52396,0.000999,0.042708,0.00919,0.013889,0.004058,0.039931,0.00585,0.479514,0.026406,0.480208,0.014703,0.571824,0.001264,0.249522,0.000645,0.081412,0.00038,0.266443,0.011584,0.557482,0.018799,10
risk_budgeted_goal_recovery,combined_extreme,0.622222,0.017885,0.501753,0.000831,0.431984,0.001288,0.0875,0.014087,0.029167,0.003395,0.079514,0.005118,0.352083,0.016207,0.397917,0.017193,0.734292,0.001121,0.245284,0.000519,0.089728,0.000516,0.325894,0.015548,0.39671,0.016537,10
risk_budgeted_goal_recovery,delayed_reappearance_shift,0.641667,0.01935,0.560095,0.000601,0.456268,0.000944,0.086111,0.009667,0.022569,0.003693,0.075347,0.011658,0.357292,0.021934,0.458333,0.017006,0.699698,0.001653,0.245664,0.000576,0.076688,0.000369,0.312111,0.016749,0.433041,0.024017,10
risk_budgeted_goal_recovery,goal_change_shift,0.64375,0.017312,0.532283,0.00114,0.450362,0.001039,0.067014,0.007389,0.01875,0.004991,0.062847,0.009963,0.418403,0.017491,0.421528,0.016891,0.64521,0.001266,0.244334,0.000638,0.081296,0.000339,0.311092,0.015067,0.463864,0.023503,10
risk_budgeted_goal_recovery,human_obstruction_shift,0.615972,0.022485,0.551788,0.000904,0.461717,0.001309,0.078819,0.011877,0.023958,0.005411,0.077083,0.007159,0.389583,0.022521,0.457639,0.015743,0.681968,0.001429,0.24538,0.000441,0.080583,0.000386,0.334787,0.019783,0.412989,0.025172,10
risk_budgeted_goal_recovery,nominal,0.682986,0.014421,0.616592,0.000741,0.503194,0.001156,0.033681,0.005561,0.012153,0.003962,0.047569,0.00968,0.455208,0.015199,0.498958,0.011162,0.531298,0.00168,0.243268,0.000401,0.057663,0.00042,0.281481,0.012913,0.558718,0.014906,10
risk_budgeted_goal_recovery,occlusion_heavy_shift,0.670486,0.02527,0.562069,0.001066,0.489307,0.001477,0.052431,0.00887,0.020833,0.004422,0.062153,0.006687,0.392361,0.016577,0.470833,0.019572,0.618903,0.001202,0.244117,0.000467,0.074378,0.000376,0.289254,0.022189,0.501811,0.024088,10
risk_budgeted_goal_recovery,physical_removal_shift,0.651389,0.015559,0.546166,0.001143,0.470237,0.001035,0.071181,0.013353,0.023264,0.004764,0.055903,0.013778,0.434722,0.016848,0.450347,0.016947,0.629888,0.001525,0.243974,0.000762,0.07767,0.000278,0.305613,0.013631,0.472128,0.016222,10
risk_budgeted_goal_recovery,substitute_ambiguity_shift,0.628819,0.017468,0.534272,0.000985,0.441318,0.00098,0.072569,0.009433,0.017708,0.004699,0.063542,0.009133,0.419444,0.020107,0.410764,0.026261,0.65588,0.001206,0.244445,0.000963,0.081248,0.000488,0.323247,0.015142,0.443773,0.019771,10
risk_calibrated_goal_belief_revision_v5,combined_extreme,0.760764,0.015567,0.692582,0.001066,0.584449,0.001104,0.019792,0.003936,0.001042,0.00104,0.012153,0.003403,0.510069,0.012649,0.568056,0.016799,0.582027,0.001568,0.272335,0.000456,0.042098,0.000485,0.206355,0.013625,0.677038,0.016406,10
risk_calibrated_goal_belief_revision_v5,delayed_reappearance_shift,0.76875,0.023228,0.752061,0.000934,0.609027,0.001103,0.0125,0.003823,0.000694,0.000907,0.012847,0.004189,0.508333,0.016111,0.584028,0.0173,0.54653,0.001235,0.272757,0.000615,0.029059,0.000321,0.201377,0.020192,0.695288,0.021203,10
risk_calibrated_goal_belief_revision_v5,goal_change_shift,0.773264,0.015118,0.722034,0.000984,0.602977,0.001193,0.010069,0.002949,0.000694,0.000907,0.005903,0.002495,0.548611,0.011433,0.564931,0.009301,0.491878,0.001269,0.27221,0.000367,0.033788,0.000385,0.198152,0.013252,0.709077,0.015298,10
risk_calibrated_goal_belief_revision_v5,human_obstruction_shift,0.76875,0.011883,0.743786,0.000699,0.614511,0.000863,0.012847,0.003803,0.001042,0.001453,0.010417,0.003514,0.517708,0.026984,0.600694,0.019276,0.52942,0.001184,0.27275,0.000656,0.032868,0.000212,0.20163,0.010375,0.697461,0.010759,10
risk_calibrated_goal_belief_revision_v5,nominal,0.794792,0.018719,0.806413,0.001034,0.656301,0.000916,0.002083,0.001505,0.0,0.0,0.0,0.0,0.601736,0.014421,0.612847,0.012722,0.378866,0.001162,0.271964,0.000492,0.010389,0.000509,0.182159,0.016626,0.755014,0.018312,10
risk_calibrated_goal_belief_revision_v5,occlusion_heavy_shift,0.790625,0.014703,0.753194,0.001053,0.641336,0.001276,0.004167,0.001978,0.001389,0.001505,0.006944,0.002684,0.53125,0.017097,0.608681,0.021258,0.465699,0.001619,0.27239,0.000629,0.02659,0.000474,0.18382,0.012852,0.732831,0.013671,10
risk_calibrated_goal_belief_revision_v5,physical_removal_shift,0.789236,0.012302,0.736321,0.000934,0.622655,0.000897,0.008333,0.004445,0.001389,0.001111,0.003472,0.002029,0.562847,0.015699,0.569097,0.015267,0.478343,0.00084,0.272596,0.000506,0.029758,0.00054,0.184865,0.010728,0.729514,0.012936,10
risk_calibrated_goal_belief_revision_v5,substitute_ambiguity_shift,0.786458,0.016523,0.726039,0.001246,0.593045,0.0011,0.010764,0.002949,0.000347,0.000681,0.00625,0.002646,0.541319,0.018246,0.571528,0.018154,0.502402,0.001605,0.272307,0.000817,0.033817,0.000361,0.186031,0.014374,0.721296,0.015998,10
robust_mpc_replan,combined_extreme,0.570139,0.017507,0.4188,0.000902,0.400901,0.000488,0.113889,0.013375,0.045139,0.00497,0.097917,0.009232,0.315625,0.016341,0.384028,0.015459,0.799263,0.001445,0.238014,0.00075,0.122801,0.000446,0.370881,0.015304,0.289946,0.023344,10
robust_mpc_replan,delayed_reappearance_shift,0.613542,0.013346,0.478022,0.00105,0.42625,0.001288,0.103472,0.011735,0.029514,0.00383,0.105208,0.011116,0.31875,0.012744,0.438889,0.023404,0.765577,0.001532,0.237832,0.000586,0.109786,0.000419,0.336734,0.011651,0.35753,0.018776,10
robust_mpc_replan,goal_change_shift,0.597569,0.024421,0.448129,0.001017,0.421868,0.000578,0.097569,0.008635,0.035764,0.007595,0.087153,0.007206,0.371181,0.017933,0.403125,0.014074,0.710421,0.001274,0.236387,0.000476,0.114372,0.000213,0.35134,0.021338,0.355601,0.02477,10
robust_mpc_replan,human_obstruction_shift,0.602083,0.014247,0.46879,0.000822,0.432888,0.001016,0.093403,0.008081,0.040278,0.007605,0.099653,0.013423,0.312153,0.011498,0.424653,0.017921,0.747941,0.001312,0.237504,0.00051,0.113768,0.00055,0.346959,0.01219,0.346806,0.014279,10
robust_mpc_replan,nominal,0.645486,0.025694,0.533284,0.000941,0.474391,0.000709,0.053125,0.00431,0.020486,0.004238,0.072917,0.005272,0.427778,0.014087,0.457292,0.021209,0.597252,0.001232,0.235675,0.000453,0.090527,0.000336,0.314817,0.022965,0.473054,0.022913,10
robust_mpc_replan,occlusion_heavy_shift,0.630208,0.016647,0.478885,0.001221,0.459596,0.001111,0.073611,0.008833,0.030903,0.005315,0.088194,0.011576,0.363889,0.016695,0.435417,0.009847,0.684929,0.001321,0.23727,0.000355,0.107155,0.000235,0.324598,0.014577,0.412306,0.017877,10
robust_mpc_replan,physical_removal_shift,0.595486,0.022894,0.461947,0.000943,0.441121,0.000927,0.089931,0.004588,0.030208,0.006656,0.078819,0.007595,0.374653,0.00986,0.405556,0.013297,0.695086,0.00139,0.236416,0.000573,0.111161,0.000463,0.354585,0.020159,0.369214,0.020399,10
robust_mpc_replan,substitute_ambiguity_shift,0.592708,0.024434,0.452,0.000878,0.410845,0.000469,0.078125,0.009744,0.045139,0.008786,0.088194,0.011397,0.369792,0.020698,0.372569,0.019726,0.721268,0.001523,0.237185,0.000682,0.114242,0.000311,0.354757,0.021488,0.352094,0.030878,10
uncertainty_halt,combined_extreme,0.420139,0.019195,0.319077,0.001288,0.23462,0.001254,0.168403,0.016398,0.061806,0.008596,0.149653,0.011134,0.186458,0.014946,0.207639,0.020209,0.88082,0.000932,0.212955,0.00043,0.160755,0.000422,0.500544,0.016817,0.047042,0.022688,10
uncertainty_halt,delayed_reappearance_shift,0.460764,0.016106,0.378446,0.000901,0.257761,0.001209,0.146181,0.011498,0.049653,0.007991,0.161458,0.013993,0.187847,0.009541,0.244444,0.012475,0.846862,0.001624,0.212574,0.000442,0.148047,0.000425,0.469419,0.014228,0.107204,0.019002,10
uncertainty_halt,goal_change_shift,0.466667,0.016047,0.35021,0.000994,0.254471,0.000886,0.146528,0.015479,0.053819,0.006436,0.1125,0.014065,0.251736,0.019389,0.206944,0.017103,0.791308,0.001275,0.210548,0.000608,0.152097,0.000611,0.465812,0.01396,0.145228,0.026094,10
uncertainty_halt,human_obstruction_shift,0.457639,0.012166,0.369607,0.001111,0.265076,0.001121,0.142014,0.013438,0.056597,0.008245,0.131944,0.008242,0.209028,0.012784,0.240972,0.015326,0.827996,0.000963,0.21124,0.000385,0.151745,0.00034,0.472823,0.010721,0.119932,0.011692,10
uncertainty_halt,nominal,0.54375,0.022667,0.434404,0.001273,0.306913,0.001283,0.099653,0.014527,0.045486,0.006988,0.083681,0.008332,0.303472,0.010889,0.256944,0.015815,0.678586,0.001637,0.208142,0.000438,0.128631,0.000283,0.404899,0.019944,0.288713,0.023544,10
uncertainty_halt,occlusion_heavy_shift,0.504167,0.024888,0.37975,0.000884,0.293376,0.001196,0.120139,0.011215,0.047569,0.003372,0.119097,0.014385,0.234028,0.014778,0.256597,0.016341,0.76529,0.000852,0.210416,0.000565,0.145168,0.000313,0.435346,0.021955,0.20304,0.024419,10
uncertainty_halt,physical_removal_shift,0.48125,0.01686,0.364565,0.000771,0.273512,0.000962,0.131597,0.01071,0.055903,0.007206,0.109375,0.007403,0.273264,0.012134,0.222569,0.01656,0.775934,0.001665,0.209993,0.000524,0.148981,0.000467,0.455011,0.014975,0.169433,0.01978,10
uncertainty_halt,substitute_ambiguity_shift,0.475694,0.021783,0.353274,0.00093,0.244708,0.0008,0.136458,0.012875,0.065278,0.005898,0.121528,0.009888,0.232292,0.015199,0.205556,0.008774,0.801949,0.001399,0.210531,0.000672,0.152751,0.000506,0.456645,0.01879,0.140558,0.024019,10
