method,split,seed,mean_success,ci95_success,mean_goal_validity_f1,ci95_goal_validity_f1,mean_retarget_precision,ci95_retarget_precision,mean_stale_goal_pursuit,ci95_stale_goal_pursuit,mean_unsafe_reach,ci95_unsafe_reach,mean_false_abandonment,ci95_false_abandonment,mean_reappearance_recovery,ci95_reappearance_recovery,mean_substitute_goal_success,ci95_substitute_goal_success,mean_belief_update_latency,ci95_belief_update_latency,mean_intervention_cost,ci95_intervention_cost,mean_regret_to_oracle,ci95_regret_to_oracle,groups
active_viewpoint_reacquisition,combined_disappearance_stress,0,0.5031,0.022,0.3825,0.0046,0.2736,0.0056,0.1833,0.0181,0.0864,0.0122,0.081,0.0085,0.3367,0.0198,0.2507,0.0182,0.8246,0.0226,0.2492,0.0026,0.2823,0.025,35
active_viewpoint_reacquisition,combined_disappearance_stress,1,0.5085,0.0295,0.3839,0.005,0.2741,0.005,0.167,0.0166,0.083,0.0111,0.0908,0.011,0.3327,0.0155,0.2211,0.0155,0.8278,0.0213,0.2497,0.0032,0.2912,0.0289,35
active_viewpoint_reacquisition,combined_disappearance_stress,2,0.5099,0.0229,0.3872,0.0037,0.2755,0.0044,0.1741,0.0187,0.0803,0.012,0.0908,0.0111,0.331,0.0202,0.2259,0.0173,0.8211,0.0231,0.2477,0.0028,0.3,0.0283,35
active_viewpoint_reacquisition,combined_disappearance_stress,3,0.5065,0.0287,0.3832,0.0046,0.2767,0.0051,0.1844,0.0182,0.0932,0.0093,0.0946,0.0097,0.3272,0.0151,0.2279,0.0166,0.8181,0.0218,0.2507,0.0028,0.2986,0.0287,35
active_viewpoint_reacquisition,combined_disappearance_stress,4,0.4864,0.0255,0.3843,0.0048,0.2729,0.0036,0.1765,0.0207,0.0776,0.0121,0.0915,0.0119,0.335,0.0163,0.231,0.0172,0.827,0.0231,0.2508,0.0029,0.3184,0.0298,35
active_viewpoint_reacquisition,combined_disappearance_stress,5,0.5116,0.025,0.3837,0.0049,0.2755,0.0053,0.199,0.02,0.0813,0.0113,0.0874,0.0119,0.3313,0.0165,0.2418,0.0211,0.8247,0.0221,0.2489,0.0033,0.302,0.0261,35
active_viewpoint_reacquisition,combined_disappearance_stress,6,0.5024,0.0247,0.3818,0.0046,0.2733,0.0055,0.184,0.016,0.0837,0.0122,0.0939,0.0095,0.3214,0.0146,0.2391,0.0186,0.8286,0.0214,0.2509,0.0031,0.302,0.0242,35
active_viewpoint_reacquisition,delayed_reappearance,0,0.5541,0.0216,0.4142,0.0042,0.2944,0.0044,0.1912,0.0162,0.0765,0.0123,0.0844,0.0117,0.3173,0.0174,0.2473,0.0149,0.7998,0.0177,0.2463,0.0033,0.2561,0.0254,35
active_viewpoint_reacquisition,delayed_reappearance,1,0.5374,0.0243,0.4199,0.0039,0.294,0.005,0.1694,0.017,0.0789,0.0098,0.0963,0.014,0.334,0.0148,0.2599,0.0153,0.792,0.0166,0.2473,0.003,0.2735,0.0278,35
active_viewpoint_reacquisition,delayed_reappearance,2,0.5412,0.0201,0.4123,0.0049,0.2911,0.0053,0.1701,0.014,0.0752,0.0127,0.0935,0.0122,0.3248,0.0167,0.2588,0.0146,0.7975,0.0169,0.248,0.0033,0.2646,0.0244,35
active_viewpoint_reacquisition,delayed_reappearance,3,0.5378,0.0224,0.4159,0.004,0.2932,0.0045,0.1724,0.0179,0.0755,0.011,0.0918,0.0131,0.3282,0.0149,0.2724,0.0202,0.7957,0.0182,0.2478,0.0032,0.2724,0.0255,35
active_viewpoint_reacquisition,delayed_reappearance,4,0.5544,0.0232,0.4156,0.0043,0.2934,0.0041,0.182,0.0224,0.081,0.0136,0.0895,0.0096,0.335,0.018,0.2677,0.0192,0.7981,0.0166,0.2488,0.0032,0.2585,0.0265,35
active_viewpoint_reacquisition,delayed_reappearance,5,0.5476,0.0238,0.4153,0.0045,0.295,0.0039,0.167,0.0166,0.0786,0.0129,0.0929,0.0114,0.3299,0.0149,0.2578,0.0164,0.8003,0.0185,0.2491,0.0023,0.2609,0.0238,35
active_viewpoint_reacquisition,delayed_reappearance,6,0.5476,0.0218,0.4154,0.0044,0.2902,0.0033,0.1704,0.0167,0.0748,0.0128,0.0901,0.0114,0.3143,0.0206,0.2531,0.017,0.7984,0.0165,0.2504,0.0028,0.2619,0.0251,35
active_viewpoint_reacquisition,nominal,0,0.5925,0.0171,0.4717,0.0043,0.3445,0.0034,0.1048,0.0117,0.0622,0.0096,0.0684,0.011,0.4241,0.0174,0.284,0.0174,0.621,0.0133,0.248,0.0027,0.234,0.0216,35
active_viewpoint_reacquisition,nominal,1,0.5857,0.0245,0.4748,0.0051,0.3421,0.0048,0.099,0.0117,0.0639,0.0082,0.065,0.0089,0.4378,0.0165,0.2908,0.0189,0.6225,0.0131,0.2514,0.0031,0.2367,0.0273,35
active_viewpoint_reacquisition,nominal,2,0.5952,0.0224,0.4689,0.0048,0.3404,0.0046,0.1031,0.0128,0.0595,0.0091,0.0769,0.0102,0.4391,0.0165,0.2816,0.0154,0.6216,0.0126,0.2468,0.0029,0.2429,0.0236,35
active_viewpoint_reacquisition,nominal,3,0.5874,0.0213,0.4721,0.0049,0.3393,0.0046,0.1048,0.0119,0.0588,0.0078,0.065,0.0093,0.4248,0.0199,0.282,0.0157,0.6227,0.0118,0.2455,0.0022,0.2391,0.0232,35
active_viewpoint_reacquisition,nominal,4,0.5871,0.0192,0.4707,0.0062,0.3423,0.0045,0.1116,0.0131,0.0527,0.011,0.0769,0.0109,0.4265,0.0168,0.2762,0.0172,0.6229,0.012,0.249,0.0022,0.2442,0.0231,35
active_viewpoint_reacquisition,nominal,5,0.615,0.0218,0.4716,0.0048,0.3439,0.0044,0.1126,0.0125,0.0548,0.0096,0.065,0.0113,0.4221,0.014,0.2789,0.0162,0.6214,0.0144,0.2455,0.0031,0.2173,0.0256,35
active_viewpoint_reacquisition,nominal,6,0.5799,0.0209,0.4727,0.0049,0.3424,0.0043,0.1078,0.0135,0.0561,0.0101,0.0741,0.0113,0.433,0.0186,0.2881,0.0202,0.6248,0.0136,0.2476,0.0025,0.2503,0.0231,35
active_viewpoint_reacquisition,occlusion_heavy_shift,0,0.5612,0.0218,0.4128,0.0038,0.3313,0.0048,0.1415,0.0161,0.069,0.0083,0.0844,0.011,0.3779,0.0162,0.2616,0.0146,0.7114,0.0194,0.2507,0.0027,0.2622,0.0205,35
active_viewpoint_reacquisition,occlusion_heavy_shift,1,0.568,0.0203,0.4135,0.0045,0.3308,0.0045,0.1289,0.016,0.0759,0.0139,0.0748,0.0101,0.3582,0.021,0.2718,0.0167,0.7157,0.0167,0.2463,0.0029,0.2486,0.0237,35
active_viewpoint_reacquisition,occlusion_heavy_shift,2,0.5677,0.0244,0.4143,0.0045,0.3285,0.0051,0.1323,0.0159,0.0663,0.0082,0.0864,0.0143,0.3837,0.0199,0.2752,0.017,0.7114,0.0178,0.2484,0.0035,0.2422,0.0282,35
active_viewpoint_reacquisition,occlusion_heavy_shift,3,0.5554,0.0248,0.4117,0.0045,0.3269,0.0051,0.1398,0.0161,0.066,0.0105,0.0745,0.011,0.3697,0.014,0.2633,0.0156,0.7094,0.0168,0.2482,0.0025,0.2656,0.0256,35
active_viewpoint_reacquisition,occlusion_heavy_shift,4,0.5718,0.0227,0.4125,0.0053,0.3319,0.0037,0.1323,0.0181,0.0684,0.0115,0.0888,0.0129,0.3738,0.0209,0.2694,0.0141,0.7143,0.0185,0.2482,0.0038,0.2439,0.0247,35
active_viewpoint_reacquisition,occlusion_heavy_shift,5,0.5663,0.0198,0.4107,0.0049,0.328,0.0041,0.1259,0.0127,0.0789,0.0099,0.0731,0.0119,0.3588,0.0148,0.2765,0.0167,0.7112,0.0181,0.2494,0.0026,0.2578,0.0243,35
active_viewpoint_reacquisition,occlusion_heavy_shift,6,0.5446,0.0276,0.4114,0.0039,0.3277,0.0043,0.1255,0.0117,0.0626,0.009,0.0844,0.0101,0.3663,0.0164,0.2765,0.0196,0.7106,0.0181,0.2493,0.0029,0.2833,0.0272,35
active_viewpoint_reacquisition,physical_removal_shift,0,0.5486,0.0234,0.406,0.0042,0.3118,0.0046,0.1531,0.017,0.0861,0.0128,0.0718,0.0127,0.3871,0.0194,0.2395,0.0185,0.7212,0.0189,0.2485,0.0037,0.2541,0.0265,35
active_viewpoint_reacquisition,physical_removal_shift,1,0.5299,0.0242,0.4141,0.0041,0.3118,0.0042,0.1439,0.0177,0.0847,0.0123,0.0844,0.01,0.3973,0.0172,0.2367,0.0187,0.7219,0.0189,0.2466,0.0026,0.2898,0.0225,35
active_viewpoint_reacquisition,physical_removal_shift,2,0.5316,0.026,0.4106,0.004,0.31,0.0053,0.1476,0.0153,0.0827,0.0112,0.0731,0.0101,0.383,0.0163,0.2476,0.0157,0.7245,0.0181,0.2494,0.0029,0.2844,0.0258,35
active_viewpoint_reacquisition,physical_removal_shift,3,0.5299,0.0243,0.4063,0.0054,0.308,0.0041,0.1507,0.0192,0.0806,0.012,0.0755,0.0107,0.3898,0.0192,0.2374,0.0162,0.723,0.0196,0.248,0.0034,0.2823,0.0251,35
active_viewpoint_reacquisition,physical_removal_shift,4,0.533,0.0192,0.4088,0.0045,0.3108,0.0041,0.1541,0.0223,0.084,0.0135,0.0878,0.0128,0.3901,0.017,0.2554,0.0168,0.7204,0.0213,0.2478,0.003,0.2803,0.019,35
active_viewpoint_reacquisition,physical_removal_shift,5,0.551,0.0262,0.4103,0.0047,0.3097,0.0038,0.1401,0.0136,0.0711,0.0109,0.0738,0.0106,0.4007,0.015,0.2527,0.0138,0.7228,0.0194,0.2479,0.003,0.2578,0.0309,35
active_viewpoint_reacquisition,physical_removal_shift,6,0.5367,0.0192,0.4132,0.0041,0.309,0.0049,0.1507,0.0146,0.081,0.013,0.0748,0.0106,0.3963,0.0218,0.2588,0.0126,0.7199,0.0207,0.2493,0.003,0.2745,0.0237,35
failure_aware_manipulation_policy,combined_disappearance_stress,0,0.5609,0.0204,0.4393,0.0039,0.4124,0.0041,0.1337,0.0168,0.0585,0.0109,0.0901,0.0152,0.2844,0.0149,0.3612,0.0163,0.7999,0.0221,0.2276,0.0022,0.2245,0.0282,35
failure_aware_manipulation_policy,combined_disappearance_stress,1,0.5612,0.0152,0.4353,0.005,0.4128,0.0054,0.135,0.0151,0.0663,0.0119,0.0986,0.0179,0.2935,0.0164,0.348,0.0186,0.7894,0.0223,0.2255,0.0021,0.2384,0.0215,35
failure_aware_manipulation_policy,combined_disappearance_stress,2,0.5656,0.0217,0.4394,0.0043,0.4135,0.0048,0.1313,0.0158,0.0595,0.0102,0.0895,0.011,0.2697,0.0165,0.365,0.0173,0.7873,0.021,0.2263,0.0031,0.2442,0.0259,35
failure_aware_manipulation_policy,combined_disappearance_stress,3,0.5585,0.0243,0.4383,0.0064,0.4142,0.0048,0.1286,0.0193,0.0673,0.0129,0.0874,0.0152,0.2905,0.0121,0.3602,0.0205,0.7877,0.0224,0.2249,0.0026,0.2466,0.0271,35
failure_aware_manipulation_policy,combined_disappearance_stress,4,0.5558,0.0225,0.4398,0.0043,0.4145,0.0036,0.132,0.0145,0.0633,0.0123,0.0939,0.0142,0.301,0.0187,0.367,0.0168,0.7879,0.0215,0.2268,0.0031,0.249,0.0277,35
failure_aware_manipulation_policy,combined_disappearance_stress,5,0.5653,0.0182,0.4416,0.0046,0.4155,0.0051,0.1395,0.0152,0.0694,0.0087,0.0932,0.0143,0.2827,0.0135,0.3551,0.0171,0.7847,0.0211,0.2261,0.0029,0.2483,0.0183,35
failure_aware_manipulation_policy,combined_disappearance_stress,6,0.5565,0.0214,0.4364,0.0049,0.4144,0.0054,0.1293,0.0136,0.0534,0.0076,0.0891,0.0115,0.2803,0.0151,0.3724,0.0178,0.7873,0.0225,0.2272,0.0025,0.248,0.0207,35
failure_aware_manipulation_policy,delayed_reappearance,0,0.5789,0.0242,0.4692,0.0052,0.4391,0.0049,0.1371,0.0167,0.0609,0.0112,0.0969,0.0142,0.2854,0.0172,0.4031,0.0196,0.7675,0.0177,0.2231,0.0023,0.2313,0.0296,35
failure_aware_manipulation_policy,delayed_reappearance,1,0.5847,0.0186,0.4716,0.0048,0.4368,0.004,0.1282,0.0135,0.0602,0.0088,0.0908,0.0135,0.2789,0.0109,0.3956,0.021,0.7626,0.0167,0.2257,0.0032,0.2262,0.0235,35
failure_aware_manipulation_policy,delayed_reappearance,2,0.5861,0.0221,0.4692,0.0046,0.4377,0.0046,0.1323,0.0126,0.0469,0.0087,0.082,0.0101,0.2803,0.0156,0.3966,0.0221,0.7659,0.0167,0.2235,0.0027,0.2201,0.0245,35
failure_aware_manipulation_policy,delayed_reappearance,3,0.581,0.0227,0.4667,0.0049,0.4356,0.0054,0.1361,0.0154,0.0616,0.0113,0.0935,0.0173,0.2969,0.0164,0.3901,0.0171,0.7647,0.0169,0.2251,0.0024,0.2293,0.0258,35
failure_aware_manipulation_policy,delayed_reappearance,4,0.5833,0.016,0.4694,0.006,0.4352,0.0034,0.1228,0.0155,0.0497,0.0077,0.0963,0.0132,0.2762,0.016,0.3959,0.0155,0.7695,0.0173,0.2241,0.0027,0.2296,0.0186,35
failure_aware_manipulation_policy,delayed_reappearance,5,0.5963,0.0172,0.4678,0.0052,0.4354,0.0041,0.1269,0.0141,0.0531,0.0085,0.0932,0.0169,0.2816,0.0176,0.3891,0.0177,0.7674,0.0193,0.2242,0.0024,0.2122,0.0179,35
failure_aware_manipulation_policy,delayed_reappearance,6,0.5878,0.019,0.4705,0.0053,0.437,0.0058,0.1364,0.0169,0.0507,0.0103,0.0925,0.0138,0.282,0.0174,0.3963,0.0197,0.767,0.0176,0.2256,0.0026,0.2218,0.0226,35
failure_aware_manipulation_policy,nominal,0,0.6316,0.0219,0.5214,0.0048,0.4844,0.0042,0.0857,0.0121,0.0395,0.0073,0.065,0.0105,0.3827,0.0159,0.4184,0.0151,0.5892,0.0132,0.2223,0.0028,0.1959,0.0249,35
failure_aware_manipulation_policy,nominal,1,0.6122,0.0185,0.5273,0.0047,0.4823,0.0046,0.081,0.0097,0.0469,0.0084,0.0619,0.0092,0.4014,0.0172,0.4255,0.0178,0.5909,0.0124,0.2268,0.003,0.2102,0.0228,35
failure_aware_manipulation_policy,nominal,2,0.6286,0.0221,0.5199,0.0044,0.4822,0.0043,0.0789,0.0095,0.0401,0.0053,0.0588,0.0102,0.3925,0.0191,0.4139,0.0167,0.5942,0.0118,0.2212,0.0027,0.2095,0.0224,35
failure_aware_manipulation_policy,nominal,3,0.6381,0.0203,0.5214,0.0049,0.4863,0.005,0.0837,0.0115,0.0449,0.007,0.0656,0.0094,0.3884,0.0192,0.4136,0.0209,0.5926,0.013,0.225,0.0023,0.1884,0.0239,35
failure_aware_manipulation_policy,nominal,4,0.6286,0.0219,0.5235,0.0039,0.4825,0.0047,0.0718,0.0113,0.0361,0.0063,0.0663,0.0116,0.417,0.0191,0.418,0.0165,0.5854,0.0126,0.2231,0.0025,0.2027,0.0241,35
failure_aware_manipulation_policy,nominal,5,0.6636,0.0198,0.5235,0.0057,0.481,0.0052,0.0684,0.0121,0.0442,0.0061,0.0684,0.0111,0.4065,0.0199,0.417,0.019,0.5942,0.0124,0.2239,0.0031,0.1687,0.0233,35
failure_aware_manipulation_policy,nominal,6,0.6269,0.0224,0.5238,0.0055,0.4831,0.0046,0.0806,0.0135,0.0463,0.0083,0.0714,0.0122,0.3925,0.0153,0.4272,0.0228,0.5855,0.0128,0.2244,0.0027,0.2034,0.0225,35
failure_aware_manipulation_policy,occlusion_heavy_shift,0,0.5966,0.021,0.4641,0.0046,0.4648,0.0043,0.0925,0.0129,0.05,0.0083,0.0895,0.01,0.3364,0.0189,0.3966,0.015,0.6803,0.0192,0.2235,0.003,0.2269,0.0238,35
failure_aware_manipulation_policy,occlusion_heavy_shift,1,0.6126,0.0193,0.462,0.0041,0.4657,0.0042,0.0966,0.0128,0.0537,0.0089,0.0922,0.0139,0.3371,0.0164,0.415,0.0169,0.6788,0.0162,0.224,0.0027,0.2041,0.0239,35
failure_aware_manipulation_policy,occlusion_heavy_shift,2,0.6068,0.0218,0.4708,0.0053,0.4723,0.0049,0.099,0.0135,0.0534,0.0108,0.083,0.0129,0.3384,0.0188,0.4058,0.0187,0.6801,0.0188,0.2242,0.0023,0.2031,0.026,35
failure_aware_manipulation_policy,occlusion_heavy_shift,3,0.598,0.0157,0.4616,0.0036,0.4663,0.0039,0.0963,0.0136,0.0527,0.0115,0.0861,0.0154,0.3452,0.0157,0.4099,0.0157,0.6827,0.0194,0.2245,0.0029,0.2231,0.0191,35
failure_aware_manipulation_policy,occlusion_heavy_shift,4,0.5946,0.018,0.4681,0.0048,0.4718,0.004,0.0946,0.0143,0.0503,0.0088,0.0861,0.0108,0.3391,0.0177,0.4133,0.0161,0.6787,0.0185,0.2254,0.0026,0.2211,0.0246,35
failure_aware_manipulation_policy,occlusion_heavy_shift,5,0.5956,0.0195,0.4634,0.0052,0.4713,0.0045,0.0939,0.0128,0.0517,0.0107,0.0969,0.0155,0.3259,0.0206,0.3915,0.0154,0.6841,0.0186,0.2252,0.0027,0.2286,0.0214,35
failure_aware_manipulation_policy,occlusion_heavy_shift,6,0.6037,0.0229,0.4664,0.005,0.4713,0.0048,0.099,0.0139,0.048,0.0101,0.0929,0.0158,0.3422,0.0217,0.4044,0.0181,0.6833,0.0168,0.2253,0.0028,0.2241,0.0247,35
failure_aware_manipulation_policy,physical_removal_shift,0,0.5786,0.0233,0.4632,0.0052,0.4538,0.0045,0.1041,0.0152,0.0544,0.0122,0.0748,0.0104,0.3561,0.0178,0.3711,0.0182,0.6875,0.0203,0.2238,0.003,0.2241,0.0239,35
failure_aware_manipulation_policy,physical_removal_shift,1,0.5969,0.0203,0.4641,0.0042,0.4533,0.0036,0.1007,0.0139,0.0595,0.0117,0.0772,0.0103,0.3656,0.0187,0.3752,0.0155,0.6951,0.0204,0.225,0.0028,0.2228,0.0225,35
failure_aware_manipulation_policy,physical_removal_shift,2,0.6078,0.0247,0.4666,0.0047,0.4517,0.0057,0.1092,0.0169,0.0626,0.0108,0.0871,0.0131,0.3602,0.0138,0.3701,0.0185,0.6945,0.0184,0.2257,0.0022,0.2082,0.0233,35
failure_aware_manipulation_policy,physical_removal_shift,3,0.5837,0.024,0.4637,0.0046,0.4505,0.0048,0.1071,0.0149,0.0588,0.011,0.0854,0.0137,0.3551,0.021,0.3922,0.0153,0.6832,0.0191,0.2244,0.0024,0.2293,0.0312,35
failure_aware_manipulation_policy,physical_removal_shift,4,0.5993,0.0197,0.4604,0.0054,0.4478,0.0038,0.1061,0.0141,0.0497,0.011,0.0748,0.0122,0.3527,0.0162,0.3786,0.0175,0.6926,0.0171,0.2227,0.0034,0.2139,0.0258,35
failure_aware_manipulation_policy,physical_removal_shift,5,0.5891,0.0166,0.4641,0.0051,0.4501,0.0052,0.1116,0.0165,0.0582,0.0105,0.0837,0.0094,0.3554,0.0184,0.3782,0.0193,0.6923,0.0195,0.226,0.003,0.2197,0.0196,35
failure_aware_manipulation_policy,physical_removal_shift,6,0.5963,0.0188,0.4686,0.0038,0.4549,0.0044,0.1109,0.0154,0.0568,0.008,0.0796,0.0122,0.3578,0.017,0.3833,0.0178,0.6888,0.0207,0.2236,0.0029,0.215,0.0234,35
goal_retargeting_heuristic,combined_disappearance_stress,0,0.5207,0.0271,0.3583,0.004,0.4192,0.0039,0.1578,0.0239,0.0755,0.0127,0.1078,0.0154,0.2248,0.0137,0.3721,0.0198,0.8607,0.0217,0.217,0.0034,0.2646,0.0292,35
goal_retargeting_heuristic,combined_disappearance_stress,1,0.5061,0.0242,0.3549,0.0048,0.4178,0.0047,0.1531,0.0192,0.0772,0.0134,0.1184,0.018,0.2204,0.0162,0.3582,0.0175,0.8605,0.0215,0.2207,0.0029,0.2935,0.0274,35
goal_retargeting_heuristic,combined_disappearance_stress,2,0.5218,0.0225,0.3577,0.0049,0.4233,0.0047,0.1493,0.0171,0.0793,0.0135,0.1116,0.0169,0.2167,0.0196,0.3582,0.0151,0.8588,0.0213,0.2195,0.0037,0.2881,0.0207,35
goal_retargeting_heuristic,combined_disappearance_stress,3,0.5153,0.0246,0.3566,0.0052,0.4218,0.0046,0.1548,0.018,0.0704,0.012,0.1139,0.0159,0.2075,0.0145,0.3626,0.021,0.8564,0.0212,0.218,0.0023,0.2898,0.0238,35
goal_retargeting_heuristic,combined_disappearance_stress,4,0.4956,0.0279,0.3593,0.0055,0.4275,0.0044,0.1483,0.0171,0.0752,0.0126,0.1095,0.0128,0.2058,0.0136,0.3554,0.014,0.8582,0.0202,0.218,0.0029,0.3092,0.0325,35
goal_retargeting_heuristic,combined_disappearance_stress,5,0.5116,0.0266,0.3606,0.0056,0.4173,0.0054,0.1554,0.02,0.0735,0.0107,0.1252,0.0196,0.2255,0.0176,0.3473,0.0188,0.8609,0.0224,0.2187,0.0033,0.302,0.0257,35
goal_retargeting_heuristic,combined_disappearance_stress,6,0.4976,0.0215,0.3569,0.0049,0.4255,0.0056,0.1568,0.0216,0.0673,0.0108,0.1211,0.0197,0.2184,0.0144,0.3646,0.0178,0.8558,0.0205,0.2191,0.0021,0.3068,0.0247,35
goal_retargeting_heuristic,delayed_reappearance,0,0.5211,0.0201,0.393,0.0041,0.4402,0.0048,0.1439,0.018,0.0629,0.0082,0.1048,0.0168,0.2112,0.0139,0.3878,0.0155,0.8357,0.0175,0.2187,0.0026,0.2891,0.0247,35
goal_retargeting_heuristic,delayed_reappearance,1,0.5544,0.021,0.3881,0.0046,0.4396,0.0045,0.1323,0.0152,0.0714,0.0095,0.1058,0.0155,0.2119,0.0169,0.4037,0.0215,0.8341,0.0173,0.2208,0.0033,0.2565,0.0241,35
goal_retargeting_heuristic,delayed_reappearance,2,0.5405,0.0227,0.3904,0.0052,0.4435,0.0045,0.135,0.0181,0.0616,0.0081,0.1041,0.0154,0.2109,0.0131,0.3935,0.0203,0.8288,0.0175,0.2184,0.0028,0.2653,0.0235,35
goal_retargeting_heuristic,delayed_reappearance,3,0.5565,0.0221,0.3897,0.0046,0.4439,0.0037,0.1289,0.0144,0.0694,0.0114,0.1065,0.0178,0.2279,0.016,0.3799,0.0186,0.8338,0.0173,0.2188,0.0031,0.2537,0.0255,35
goal_retargeting_heuristic,delayed_reappearance,4,0.5507,0.0204,0.3868,0.0051,0.4409,0.005,0.1452,0.0162,0.0626,0.0097,0.1054,0.0169,0.2224,0.0155,0.399,0.0174,0.8334,0.0188,0.2177,0.0024,0.2622,0.0235,35
goal_retargeting_heuristic,delayed_reappearance,5,0.5446,0.0238,0.3884,0.004,0.4414,0.0046,0.1395,0.0166,0.0599,0.0083,0.1296,0.0152,0.2017,0.015,0.4054,0.0146,0.8323,0.0192,0.2181,0.0026,0.2639,0.0257,35
goal_retargeting_heuristic,delayed_reappearance,6,0.55,0.0203,0.3884,0.0043,0.4463,0.0041,0.1378,0.0165,0.067,0.0097,0.1027,0.0139,0.2184,0.0162,0.3827,0.0174,0.8332,0.0187,0.219,0.0025,0.2595,0.0236,35
goal_retargeting_heuristic,nominal,0,0.6078,0.0213,0.4444,0.004,0.4909,0.0046,0.0779,0.0117,0.0422,0.0086,0.0908,0.0139,0.315,0.0169,0.4357,0.0177,0.6573,0.0127,0.2185,0.0031,0.2187,0.0262,35
goal_retargeting_heuristic,nominal,1,0.5997,0.0206,0.4491,0.0048,0.4897,0.0042,0.0803,0.0132,0.0432,0.0068,0.081,0.0109,0.3262,0.0183,0.4401,0.0159,0.653,0.0125,0.2178,0.0025,0.2228,0.0255,35
goal_retargeting_heuristic,nominal,2,0.617,0.0215,0.4405,0.0042,0.4898,0.0041,0.0755,0.0088,0.0544,0.0072,0.0776,0.0111,0.3136,0.0177,0.4078,0.0189,0.6579,0.0121,0.2158,0.0026,0.2211,0.0238,35
goal_retargeting_heuristic,nominal,3,0.5867,0.0206,0.4417,0.0044,0.4892,0.004,0.0837,0.0123,0.0442,0.0094,0.0871,0.0121,0.3408,0.0148,0.4235,0.0159,0.6604,0.0137,0.2174,0.0023,0.2398,0.0219,35
goal_retargeting_heuristic,nominal,4,0.6075,0.0204,0.4393,0.0049,0.4897,0.0055,0.0895,0.0124,0.049,0.0085,0.0793,0.0131,0.3333,0.0174,0.4313,0.0182,0.6559,0.0129,0.217,0.0026,0.2238,0.0237,35
goal_retargeting_heuristic,nominal,5,0.6211,0.0198,0.4449,0.0042,0.4887,0.004,0.0779,0.0131,0.0493,0.008,0.0827,0.0146,0.3306,0.0189,0.4204,0.0169,0.655,0.0131,0.2197,0.0028,0.2112,0.0223,35
goal_retargeting_heuristic,nominal,6,0.6,0.022,0.4453,0.0049,0.4917,0.0046,0.0721,0.0112,0.0493,0.0086,0.0813,0.0119,0.331,0.0148,0.4252,0.0186,0.6587,0.0141,0.2205,0.003,0.2303,0.0223,35
goal_retargeting_heuristic,occlusion_heavy_shift,0,0.5704,0.0211,0.3836,0.0051,0.4735,0.0044,0.102,0.0139,0.049,0.0091,0.0861,0.0148,0.2643,0.0177,0.417,0.0177,0.7486,0.019,0.2186,0.0027,0.2531,0.0228,35
goal_retargeting_heuristic,occlusion_heavy_shift,1,0.5609,0.0221,0.3858,0.0041,0.4777,0.0058,0.098,0.0149,0.0537,0.0112,0.1136,0.0143,0.2779,0.0129,0.4136,0.0201,0.7425,0.0169,0.2212,0.0027,0.2558,0.0241,35
goal_retargeting_heuristic,occlusion_heavy_shift,2,0.5701,0.0222,0.3836,0.0058,0.4752,0.0062,0.1044,0.0117,0.0558,0.0081,0.1051,0.0188,0.2466,0.0166,0.4068,0.0116,0.752,0.0175,0.2172,0.0028,0.2398,0.0225,35
goal_retargeting_heuristic,occlusion_heavy_shift,3,0.5643,0.021,0.3812,0.0044,0.4777,0.0052,0.1007,0.015,0.0537,0.0095,0.117,0.0148,0.2816,0.015,0.415,0.0191,0.754,0.0171,0.2187,0.0025,0.2568,0.0236,35
goal_retargeting_heuristic,occlusion_heavy_shift,4,0.5663,0.018,0.3839,0.0046,0.4735,0.0054,0.1116,0.017,0.0667,0.0113,0.1041,0.0186,0.2646,0.0128,0.3969,0.0196,0.7479,0.0181,0.2183,0.0023,0.2493,0.0215,35
goal_retargeting_heuristic,occlusion_heavy_shift,5,0.5429,0.024,0.3851,0.0054,0.4822,0.0048,0.1099,0.0161,0.0554,0.0076,0.1143,0.0133,0.2653,0.0156,0.4136,0.0205,0.7494,0.0164,0.2163,0.003,0.2813,0.0225,35
goal_retargeting_heuristic,occlusion_heavy_shift,6,0.5707,0.0214,0.3842,0.0049,0.4735,0.0061,0.1014,0.0131,0.0609,0.0101,0.1099,0.0144,0.2571,0.0145,0.4153,0.0199,0.7484,0.0173,0.2173,0.0028,0.2571,0.0223,35
goal_retargeting_heuristic,physical_removal_shift,0,0.5776,0.0209,0.3812,0.0041,0.4562,0.004,0.1194,0.0152,0.0643,0.0119,0.102,0.015,0.2946,0.0157,0.3718,0.0182,0.7612,0.0198,0.2188,0.0024,0.2252,0.0242,35
goal_retargeting_heuristic,physical_removal_shift,1,0.5609,0.0213,0.3861,0.0055,0.4574,0.0055,0.119,0.0154,0.0741,0.0101,0.1007,0.0159,0.2956,0.0138,0.382,0.0146,0.7599,0.0201,0.2188,0.0027,0.2588,0.0211,35
goal_retargeting_heuristic,physical_removal_shift,2,0.5585,0.0257,0.3814,0.0043,0.4551,0.0044,0.1197,0.0159,0.0704,0.0077,0.0908,0.0135,0.2973,0.0154,0.3966,0.0217,0.7523,0.0199,0.2198,0.0029,0.2575,0.0264,35
goal_retargeting_heuristic,physical_removal_shift,3,0.548,0.0212,0.3838,0.0056,0.4564,0.0044,0.1129,0.0144,0.066,0.0104,0.0963,0.018,0.2973,0.0149,0.3813,0.0169,0.7589,0.0205,0.2178,0.0033,0.2643,0.024,35
goal_retargeting_heuristic,physical_removal_shift,4,0.5531,0.0249,0.3852,0.0041,0.4563,0.0043,0.1156,0.0159,0.0694,0.0115,0.0942,0.0124,0.3041,0.0154,0.3884,0.0178,0.76,0.0214,0.2183,0.0023,0.2602,0.0282,35
goal_retargeting_heuristic,physical_removal_shift,5,0.5605,0.0259,0.3845,0.0044,0.4543,0.0049,0.1099,0.0167,0.0595,0.0111,0.0949,0.0108,0.2905,0.0152,0.367,0.0132,0.7586,0.0207,0.218,0.0024,0.2497,0.0254,35
goal_retargeting_heuristic,physical_removal_shift,6,0.566,0.0189,0.384,0.0047,0.4589,0.0036,0.1228,0.0177,0.066,0.0113,0.1054,0.0122,0.2898,0.0186,0.3731,0.0191,0.7537,0.0216,0.2187,0.0027,0.2452,0.0239,35
last_seen_goal_pursuit,combined_disappearance_stress,0,0.3316,0.0296,0.1448,0.0052,0.135,0.0044,0.2531,0.0269,0.1293,0.0158,0.1446,0.0209,0.0667,0.0092,0.0966,0.0112,1.0319,0.0218,0.139,0.0028,0.4537,0.0291,35
last_seen_goal_pursuit,combined_disappearance_stress,1,0.3333,0.0317,0.1402,0.0054,0.136,0.0052,0.2439,0.0258,0.1286,0.0195,0.1483,0.019,0.0707,0.0108,0.0993,0.0101,1.0288,0.0231,0.1417,0.0033,0.4663,0.0296,35
last_seen_goal_pursuit,combined_disappearance_stress,2,0.3231,0.0357,0.1423,0.0057,0.1319,0.0043,0.2456,0.0218,0.1228,0.0164,0.166,0.0201,0.0694,0.0079,0.0993,0.0105,1.0289,0.0198,0.142,0.0026,0.4867,0.0332,35
last_seen_goal_pursuit,combined_disappearance_stress,3,0.3296,0.0314,0.1441,0.0048,0.1337,0.0054,0.2469,0.0255,0.1289,0.0163,0.1554,0.0212,0.0656,0.0087,0.1031,0.0133,1.0263,0.0219,0.14,0.003,0.4755,0.0339,35
last_seen_goal_pursuit,combined_disappearance_stress,4,0.335,0.0346,0.1428,0.0038,0.1365,0.0039,0.2531,0.0247,0.1112,0.0122,0.1626,0.0222,0.0782,0.0103,0.098,0.012,1.0282,0.0223,0.1413,0.003,0.4697,0.0378,35
last_seen_goal_pursuit,combined_disappearance_stress,5,0.3085,0.0295,0.1393,0.0046,0.136,0.0044,0.2452,0.0239,0.1262,0.0168,0.1541,0.0239,0.0738,0.0109,0.0952,0.0106,1.031,0.0215,0.1388,0.0029,0.5051,0.0283,35
last_seen_goal_pursuit,combined_disappearance_stress,6,0.3282,0.0281,0.1385,0.0042,0.1308,0.0046,0.2585,0.0268,0.1218,0.0155,0.151,0.0223,0.0633,0.008,0.1,0.014,1.0294,0.0237,0.1419,0.0032,0.4762,0.0269,35
last_seen_goal_pursuit,delayed_reappearance,0,0.3745,0.0254,0.1761,0.0048,0.1578,0.0048,0.233,0.0187,0.1143,0.0135,0.1476,0.0227,0.0673,0.0084,0.1422,0.0112,1.0044,0.0172,0.1415,0.0032,0.4357,0.0255,35
last_seen_goal_pursuit,delayed_reappearance,1,0.3694,0.0264,0.1763,0.0047,0.157,0.0049,0.234,0.0232,0.1109,0.0141,0.1442,0.022,0.0721,0.0096,0.1235,0.0125,1.0093,0.0176,0.1415,0.0032,0.4415,0.0287,35
last_seen_goal_pursuit,delayed_reappearance,2,0.3748,0.0257,0.1728,0.0053,0.1572,0.0045,0.2357,0.024,0.1119,0.0139,0.152,0.02,0.0633,0.0094,0.1327,0.0159,1.0058,0.0164,0.1396,0.0034,0.431,0.0302,35
last_seen_goal_pursuit,delayed_reappearance,3,0.3799,0.0286,0.1764,0.0045,0.1574,0.0042,0.2088,0.0206,0.1133,0.0161,0.1561,0.0199,0.0673,0.0118,0.1361,0.0121,1.0077,0.0173,0.1395,0.0032,0.4303,0.0324,35
last_seen_goal_pursuit,delayed_reappearance,4,0.383,0.0304,0.1727,0.0041,0.1602,0.0036,0.2357,0.0175,0.1058,0.0147,0.15,0.0179,0.0711,0.01,0.1364,0.0127,1.0052,0.0179,0.1418,0.0028,0.4299,0.0268,35
last_seen_goal_pursuit,delayed_reappearance,5,0.3629,0.0232,0.1736,0.0043,0.1585,0.0053,0.2391,0.0244,0.1167,0.0142,0.1395,0.0201,0.0633,0.0085,0.1391,0.013,1.0093,0.0175,0.1429,0.0026,0.4456,0.0236,35
last_seen_goal_pursuit,delayed_reappearance,6,0.3711,0.028,0.1737,0.0048,0.1558,0.0042,0.2347,0.0204,0.1129,0.0126,0.1425,0.0238,0.0673,0.0084,0.1361,0.0145,1.0095,0.0186,0.1403,0.0026,0.4384,0.0339,35
last_seen_goal_pursuit,nominal,0,0.4585,0.0273,0.2277,0.004,0.2055,0.004,0.1463,0.0157,0.0888,0.0108,0.1078,0.0149,0.1816,0.0141,0.1486,0.0154,0.8301,0.0123,0.1371,0.0029,0.368,0.0303,35
last_seen_goal_pursuit,nominal,1,0.4728,0.023,0.23,0.0053,0.2042,0.0052,0.1289,0.0172,0.0844,0.0117,0.1003,0.0157,0.168,0.0151,0.1493,0.0133,0.8281,0.0116,0.1371,0.003,0.3497,0.0257,35
last_seen_goal_pursuit,nominal,2,0.4544,0.021,0.2288,0.0046,0.2029,0.0052,0.1378,0.0195,0.083,0.0139,0.1112,0.0165,0.1789,0.0146,0.1575,0.0155,0.835,0.011,0.1395,0.0038,0.3837,0.0215,35
last_seen_goal_pursuit,nominal,3,0.465,0.0253,0.2288,0.0037,0.2025,0.0049,0.15,0.0165,0.0857,0.011,0.1068,0.0158,0.1779,0.017,0.1684,0.0146,0.8343,0.0124,0.1366,0.0028,0.3616,0.0292,35
last_seen_goal_pursuit,nominal,4,0.4622,0.0235,0.2276,0.0042,0.2014,0.0044,0.1354,0.0162,0.0755,0.0096,0.1075,0.0166,0.1769,0.0149,0.1592,0.012,0.8336,0.0133,0.1368,0.0028,0.369,0.0288,35
last_seen_goal_pursuit,nominal,5,0.4476,0.0253,0.2306,0.0042,0.2017,0.0047,0.1456,0.0164,0.0799,0.0129,0.1116,0.0149,0.1694,0.0178,0.166,0.0142,0.8318,0.0129,0.1391,0.0026,0.3847,0.0302,35
last_seen_goal_pursuit,nominal,6,0.4595,0.02,0.2295,0.0048,0.2009,0.0046,0.1354,0.0144,0.0925,0.0137,0.0888,0.0153,0.1748,0.0162,0.1497,0.0116,0.8292,0.0135,0.1401,0.0029,0.3707,0.0224,35
last_seen_goal_pursuit,occlusion_heavy_shift,0,0.3922,0.0209,0.174,0.005,0.1856,0.005,0.1735,0.0174,0.1048,0.0132,0.1384,0.0194,0.116,0.0132,0.1425,0.0132,0.9263,0.0179,0.1399,0.0025,0.4313,0.0213,35
last_seen_goal_pursuit,occlusion_heavy_shift,1,0.3949,0.029,0.1694,0.0044,0.189,0.0055,0.1735,0.0177,0.1031,0.0124,0.1327,0.0179,0.1139,0.0125,0.152,0.0157,0.928,0.0198,0.1417,0.0032,0.4218,0.0326,35
last_seen_goal_pursuit,occlusion_heavy_shift,2,0.3986,0.0265,0.1702,0.0048,0.1898,0.0046,0.1786,0.0191,0.0969,0.0131,0.1371,0.018,0.1231,0.0105,0.1483,0.0122,0.9199,0.0176,0.1388,0.0025,0.4112,0.0301,35
last_seen_goal_pursuit,occlusion_heavy_shift,3,0.4116,0.0241,0.178,0.0045,0.1875,0.005,0.1803,0.0219,0.101,0.0136,0.1316,0.019,0.1221,0.0128,0.1568,0.0129,0.92,0.018,0.1387,0.0034,0.4095,0.0282,35
last_seen_goal_pursuit,occlusion_heavy_shift,4,0.4139,0.0305,0.1726,0.0051,0.1887,0.0036,0.1711,0.0186,0.1071,0.013,0.1361,0.0193,0.1238,0.0137,0.1483,0.0146,0.9219,0.018,0.1417,0.0035,0.4017,0.0329,35
last_seen_goal_pursuit,occlusion_heavy_shift,5,0.3976,0.027,0.1702,0.0044,0.1891,0.0047,0.1745,0.0224,0.0969,0.0136,0.1201,0.0152,0.1136,0.0108,0.1354,0.013,0.918,0.0183,0.1433,0.0025,0.4265,0.0306,35
last_seen_goal_pursuit,occlusion_heavy_shift,6,0.4085,0.0222,0.1697,0.0049,0.1913,0.0044,0.181,0.0196,0.0922,0.012,0.1378,0.0179,0.1194,0.011,0.1361,0.0116,0.9186,0.0159,0.1419,0.003,0.4194,0.0223,35
last_seen_goal_pursuit,physical_removal_shift,0,0.3789,0.0296,0.1737,0.0047,0.1727,0.0047,0.199,0.0219,0.1119,0.0118,0.118,0.0153,0.1456,0.0138,0.1207,0.0161,0.9328,0.0193,0.1392,0.0027,0.4238,0.0309,35
last_seen_goal_pursuit,physical_removal_shift,1,0.3752,0.0304,0.1701,0.0044,0.1715,0.0051,0.1874,0.0252,0.1133,0.017,0.1112,0.0142,0.1442,0.0126,0.1133,0.0092,0.937,0.0202,0.1396,0.003,0.4446,0.0332,35
last_seen_goal_pursuit,physical_removal_shift,2,0.4071,0.0304,0.1707,0.0047,0.1693,0.0049,0.2099,0.0223,0.1167,0.0147,0.1204,0.0141,0.1473,0.0123,0.1129,0.0136,0.9305,0.0203,0.1403,0.0028,0.4088,0.0284,35
last_seen_goal_pursuit,physical_removal_shift,3,0.3721,0.027,0.1736,0.0045,0.1715,0.0041,0.1922,0.0219,0.1129,0.0159,0.1262,0.0157,0.1561,0.015,0.1129,0.0108,0.9306,0.0202,0.1399,0.0029,0.4401,0.0322,35
last_seen_goal_pursuit,physical_removal_shift,4,0.3704,0.0272,0.1708,0.0049,0.1713,0.0052,0.2017,0.0204,0.116,0.0178,0.1293,0.0167,0.1493,0.0091,0.1116,0.0127,0.9297,0.0191,0.1394,0.0029,0.4429,0.0311,35
last_seen_goal_pursuit,physical_removal_shift,5,0.368,0.0334,0.1714,0.0046,0.1704,0.0051,0.1867,0.0242,0.1037,0.0132,0.1327,0.0172,0.1439,0.0128,0.1146,0.0119,0.9299,0.0205,0.1417,0.0029,0.4408,0.038,35
last_seen_goal_pursuit,physical_removal_shift,6,0.3626,0.0309,0.1693,0.0045,0.1694,0.0045,0.2017,0.025,0.1184,0.0205,0.1272,0.0169,0.148,0.0118,0.1054,0.0109,0.9267,0.0197,0.1394,0.0031,0.4486,0.0359,35
memory_only_belief_tracking,combined_disappearance_stress,0,0.3942,0.0284,0.2668,0.0043,0.1971,0.0049,0.2224,0.0231,0.1139,0.0175,0.1344,0.0178,0.1313,0.011,0.1473,0.013,0.9305,0.0208,0.1501,0.0023,0.3912,0.0293,35
memory_only_belief_tracking,combined_disappearance_stress,1,0.3823,0.0329,0.2695,0.0037,0.1927,0.0053,0.2156,0.0246,0.1007,0.0127,0.1408,0.0155,0.1224,0.0109,0.1517,0.0132,0.9305,0.0225,0.1516,0.0034,0.4173,0.0338,35
memory_only_belief_tracking,combined_disappearance_stress,2,0.3694,0.0255,0.2656,0.0041,0.2017,0.0051,0.2177,0.023,0.0905,0.0129,0.1395,0.0206,0.1224,0.0125,0.1347,0.0157,0.9309,0.0213,0.148,0.0022,0.4405,0.0251,35
memory_only_belief_tracking,combined_disappearance_stress,3,0.3656,0.0265,0.2673,0.0049,0.199,0.004,0.2112,0.022,0.1099,0.0149,0.152,0.0185,0.1276,0.0122,0.1449,0.012,0.9326,0.0208,0.149,0.003,0.4395,0.0279,35
memory_only_belief_tracking,combined_disappearance_stress,4,0.4014,0.0326,0.2635,0.0055,0.194,0.005,0.2241,0.0213,0.1061,0.0139,0.1558,0.0203,0.1405,0.0127,0.1415,0.015,0.9312,0.0216,0.1509,0.0033,0.4034,0.0364,35
memory_only_belief_tracking,combined_disappearance_stress,5,0.365,0.0274,0.2635,0.005,0.1992,0.0062,0.2224,0.0251,0.1201,0.0163,0.1418,0.0242,0.1323,0.013,0.1449,0.0167,0.9283,0.0222,0.1474,0.0029,0.4486,0.0254,35
memory_only_belief_tracking,combined_disappearance_stress,6,0.366,0.0315,0.268,0.005,0.2012,0.005,0.2126,0.0222,0.1136,0.0166,0.15,0.0204,0.135,0.0121,0.1388,0.0125,0.9305,0.0209,0.1494,0.0032,0.4384,0.0306,35
memory_only_belief_tracking,delayed_reappearance,0,0.4391,0.0227,0.2926,0.004,0.219,0.0053,0.1966,0.0179,0.1027,0.0114,0.1248,0.0156,0.1262,0.0116,0.182,0.0131,0.9049,0.0172,0.1514,0.0024,0.3711,0.0232,35
memory_only_belief_tracking,delayed_reappearance,1,0.4224,0.024,0.2972,0.0041,0.2215,0.0047,0.2,0.0217,0.0993,0.0143,0.1333,0.0165,0.1269,0.0132,0.1861,0.0134,0.9067,0.0169,0.1498,0.0031,0.3884,0.0281,35
memory_only_belief_tracking,delayed_reappearance,2,0.4133,0.0264,0.2973,0.0052,0.218,0.0043,0.1973,0.0168,0.0946,0.0109,0.1463,0.0203,0.1265,0.0143,0.1966,0.0148,0.9083,0.0193,0.1502,0.0031,0.3925,0.0287,35
memory_only_belief_tracking,delayed_reappearance,3,0.4204,0.0195,0.2959,0.0037,0.2203,0.004,0.2082,0.0173,0.1034,0.0124,0.151,0.0176,0.1286,0.0097,0.1769,0.0123,0.9024,0.0173,0.1521,0.0032,0.3898,0.0243,35
memory_only_belief_tracking,delayed_reappearance,4,0.4143,0.0216,0.2936,0.0058,0.2224,0.0044,0.2048,0.0198,0.0952,0.0133,0.1361,0.0184,0.1248,0.0122,0.1884,0.0163,0.904,0.0188,0.1498,0.0028,0.3986,0.0226,35
memory_only_belief_tracking,delayed_reappearance,5,0.4364,0.0216,0.2979,0.0041,0.2222,0.0039,0.2075,0.0223,0.1007,0.0156,0.1378,0.02,0.1337,0.0138,0.1752,0.0135,0.9061,0.0196,0.1499,0.004,0.3721,0.0239,35
memory_only_belief_tracking,delayed_reappearance,6,0.4241,0.0224,0.2993,0.0043,0.2222,0.0049,0.2078,0.0176,0.0963,0.0111,0.1299,0.0173,0.1228,0.0116,0.1827,0.0159,0.904,0.0193,0.148,0.0033,0.3854,0.0253,35
memory_only_belief_tracking,nominal,0,0.5017,0.0249,0.3495,0.0044,0.2689,0.0053,0.1163,0.0141,0.0759,0.0104,0.0983,0.013,0.2442,0.0199,0.2007,0.0172,0.7324,0.0121,0.1488,0.0022,0.3248,0.0284,35
memory_only_belief_tracking,nominal,1,0.4915,0.0177,0.3502,0.0048,0.2623,0.0041,0.1282,0.0162,0.0741,0.0107,0.0956,0.0131,0.2374,0.0148,0.2,0.0135,0.7321,0.0124,0.1474,0.0026,0.331,0.0195,35
memory_only_belief_tracking,nominal,2,0.4966,0.0213,0.3507,0.0044,0.266,0.0041,0.1272,0.0165,0.081,0.0139,0.1007,0.0151,0.2265,0.0137,0.2044,0.0177,0.7327,0.0132,0.1447,0.0027,0.3415,0.0199,35
memory_only_belief_tracking,nominal,3,0.5112,0.0189,0.3515,0.005,0.2679,0.005,0.1201,0.0165,0.0769,0.0116,0.1007,0.0128,0.2354,0.0147,0.1874,0.0143,0.7284,0.0127,0.1441,0.0037,0.3153,0.0201,35
memory_only_belief_tracking,nominal,4,0.5139,0.0238,0.3523,0.0045,0.2657,0.0048,0.118,0.0113,0.0823,0.0104,0.098,0.0149,0.2483,0.0147,0.1946,0.0197,0.7335,0.0107,0.146,0.0028,0.3173,0.0304,35
memory_only_belief_tracking,nominal,5,0.5044,0.0223,0.3488,0.005,0.2698,0.0054,0.1211,0.0132,0.0755,0.0106,0.0939,0.0123,0.2405,0.0143,0.2214,0.0168,0.728,0.0127,0.1474,0.0024,0.3279,0.0247,35
memory_only_belief_tracking,nominal,6,0.5082,0.0234,0.353,0.0042,0.2692,0.0047,0.1381,0.0162,0.0772,0.0109,0.1014,0.0147,0.2517,0.016,0.1956,0.0141,0.7328,0.0132,0.1462,0.0023,0.3221,0.0265,35
memory_only_belief_tracking,occlusion_heavy_shift,0,0.4633,0.0221,0.2886,0.0051,0.2558,0.0038,0.1476,0.0172,0.0878,0.0098,0.1286,0.0162,0.1752,0.0168,0.1912,0.014,0.8289,0.016,0.1491,0.0033,0.3602,0.0241,35
memory_only_belief_tracking,occlusion_heavy_shift,1,0.4347,0.0233,0.292,0.0045,0.2536,0.0045,0.1452,0.0161,0.101,0.0129,0.1313,0.0186,0.1779,0.0172,0.185,0.0122,0.8202,0.0167,0.1476,0.0031,0.382,0.0247,35
memory_only_belief_tracking,occlusion_heavy_shift,2,0.4439,0.0228,0.2956,0.0049,0.2528,0.0048,0.1616,0.0207,0.1048,0.0119,0.1139,0.0168,0.1799,0.0164,0.1769,0.0136,0.8261,0.019,0.1477,0.0031,0.366,0.0258,35
memory_only_belief_tracking,occlusion_heavy_shift,3,0.4466,0.0257,0.2949,0.0042,0.2546,0.0051,0.1585,0.0196,0.0854,0.0133,0.1221,0.0166,0.185,0.0156,0.1782,0.0136,0.8288,0.0165,0.1484,0.0034,0.3745,0.0285,35
memory_only_belief_tracking,occlusion_heavy_shift,4,0.4578,0.0234,0.2941,0.0068,0.2518,0.0042,0.1588,0.0178,0.1017,0.0129,0.1272,0.0177,0.1847,0.0143,0.2,0.0156,0.8185,0.0184,0.1472,0.0029,0.3578,0.025,35
memory_only_belief_tracking,occlusion_heavy_shift,5,0.4527,0.0253,0.2952,0.0033,0.2496,0.0052,0.1476,0.0171,0.0922,0.0115,0.1163,0.0172,0.1772,0.014,0.1864,0.0184,0.8254,0.0179,0.1488,0.0034,0.3714,0.025,35
memory_only_belief_tracking,occlusion_heavy_shift,6,0.4446,0.0306,0.2955,0.0037,0.2547,0.0049,0.1554,0.0176,0.0884,0.0135,0.135,0.0154,0.1779,0.0136,0.1891,0.0166,0.8245,0.0181,0.1495,0.0023,0.3833,0.0307,35
memory_only_belief_tracking,physical_removal_shift,0,0.4265,0.0276,0.2897,0.0046,0.2326,0.0047,0.1639,0.0194,0.0963,0.0123,0.1228,0.0163,0.217,0.0154,0.1643,0.0122,0.832,0.0221,0.1499,0.0027,0.3762,0.028,35
memory_only_belief_tracking,physical_removal_shift,1,0.431,0.0262,0.296,0.0049,0.2334,0.0056,0.168,0.0188,0.099,0.0137,0.1112,0.0138,0.2116,0.0155,0.1605,0.0128,0.8259,0.0196,0.1483,0.003,0.3888,0.0277,35
memory_only_belief_tracking,physical_removal_shift,2,0.4163,0.0288,0.2925,0.0049,0.2339,0.0044,0.1762,0.0233,0.1075,0.0153,0.1194,0.0166,0.2031,0.0129,0.1548,0.0128,0.8325,0.019,0.1503,0.0027,0.3997,0.0282,35
memory_only_belief_tracking,physical_removal_shift,3,0.4245,0.0276,0.2897,0.0043,0.2335,0.0046,0.1772,0.0178,0.0993,0.0161,0.1156,0.0142,0.1898,0.0144,0.1612,0.0155,0.8328,0.0197,0.1469,0.0025,0.3878,0.0302,35
memory_only_belief_tracking,physical_removal_shift,4,0.4398,0.0245,0.2972,0.0041,0.2333,0.0044,0.1816,0.0212,0.1082,0.015,0.1228,0.0166,0.1956,0.015,0.1585,0.0141,0.8301,0.0205,0.1475,0.0033,0.3735,0.0299,35
memory_only_belief_tracking,physical_removal_shift,5,0.4466,0.0269,0.2927,0.005,0.2351,0.0042,0.1793,0.0202,0.098,0.0132,0.1299,0.0152,0.2116,0.0145,0.1616,0.0144,0.8322,0.0207,0.1477,0.0032,0.3622,0.0303,35
memory_only_belief_tracking,physical_removal_shift,6,0.416,0.0283,0.2926,0.0042,0.2309,0.0054,0.1677,0.0203,0.116,0.0158,0.1211,0.0177,0.2044,0.0179,0.165,0.0144,0.8308,0.021,0.1494,0.0028,0.3952,0.0332,35
oracle_goal_state_supervisor,combined_disappearance_stress,0,0.7854,0.0182,0.7087,0.0047,0.6466,0.0039,0.0371,0.0065,0.0088,0.004,0.0099,0.0042,0.4908,0.0197,0.5752,0.0179,0.566,0.0215,0.2641,0.003,0.0,0.0,35
oracle_goal_state_supervisor,combined_disappearance_stress,1,0.7997,0.0162,0.7096,0.0047,0.6449,0.0046,0.0282,0.006,0.0133,0.0057,0.0122,0.0051,0.4895,0.0215,0.5639,0.0208,0.5684,0.0221,0.2646,0.0026,0.0,0.0,35
oracle_goal_state_supervisor,combined_disappearance_stress,2,0.8099,0.0153,0.7121,0.0047,0.6458,0.0042,0.033,0.0071,0.0139,0.0055,0.0085,0.0044,0.5044,0.0209,0.5585,0.0171,0.5709,0.0206,0.2624,0.0028,0.0,0.0,35
oracle_goal_state_supervisor,combined_disappearance_stress,3,0.8051,0.0135,0.7121,0.0047,0.6404,0.0045,0.0384,0.0065,0.017,0.0061,0.0116,0.0039,0.5007,0.0206,0.5582,0.0196,0.5703,0.0211,0.2655,0.0028,0.0,0.0,35
oracle_goal_state_supervisor,combined_disappearance_stress,4,0.8048,0.0143,0.707,0.0058,0.6455,0.0042,0.034,0.0047,0.016,0.0052,0.0126,0.005,0.4993,0.0201,0.566,0.0211,0.5655,0.0205,0.2669,0.0028,0.0,0.0,35
oracle_goal_state_supervisor,combined_disappearance_stress,5,0.8136,0.0142,0.7087,0.0046,0.6452,0.0035,0.0347,0.0079,0.0116,0.0044,0.0105,0.0044,0.4925,0.0221,0.568,0.0189,0.565,0.0211,0.2645,0.0029,0.0,0.0,35
oracle_goal_state_supervisor,combined_disappearance_stress,6,0.8044,0.0135,0.7096,0.0044,0.6419,0.005,0.0374,0.0083,0.0105,0.0035,0.0095,0.0047,0.4891,0.0195,0.5687,0.0204,0.5699,0.0225,0.2639,0.0024,0.0,0.0,35
oracle_goal_state_supervisor,delayed_reappearance,0,0.8102,0.0127,0.7426,0.0055,0.6656,0.0055,0.0412,0.0071,0.0156,0.0057,0.0099,0.0038,0.4861,0.0208,0.5891,0.0208,0.5367,0.0164,0.2668,0.0027,0.0,0.0,35
oracle_goal_state_supervisor,delayed_reappearance,1,0.8109,0.0155,0.741,0.0035,0.669,0.0045,0.0347,0.0062,0.0119,0.0037,0.0085,0.0035,0.4847,0.0213,0.5959,0.0198,0.5379,0.0178,0.2656,0.0028,0.0,0.0,35
oracle_goal_state_supervisor,delayed_reappearance,2,0.8058,0.0149,0.7424,0.0044,0.6661,0.0052,0.0408,0.0061,0.0109,0.004,0.0102,0.0033,0.4864,0.0188,0.6003,0.0167,0.5386,0.0189,0.2649,0.0034,0.0,0.0,35
oracle_goal_state_supervisor,delayed_reappearance,3,0.8102,0.0138,0.7394,0.0057,0.6671,0.0044,0.0367,0.0075,0.0075,0.0032,0.0088,0.004,0.481,0.0216,0.5925,0.0159,0.5428,0.0173,0.2661,0.003,0.0,0.0,35
oracle_goal_state_supervisor,delayed_reappearance,4,0.8129,0.0129,0.7398,0.0045,0.6661,0.0043,0.0401,0.0066,0.0153,0.0055,0.0105,0.0048,0.4796,0.019,0.6,0.0204,0.5415,0.0172,0.265,0.0025,0.0,0.0,35
oracle_goal_state_supervisor,delayed_reappearance,5,0.8085,0.0164,0.7384,0.0042,0.6609,0.0046,0.0357,0.0072,0.0126,0.0058,0.0112,0.0048,0.5041,0.0174,0.5925,0.0208,0.5369,0.0173,0.2652,0.0029,0.0,0.0,35
oracle_goal_state_supervisor,delayed_reappearance,6,0.8095,0.0127,0.7409,0.0052,0.6677,0.0036,0.0344,0.0069,0.0136,0.0055,0.0075,0.0036,0.4833,0.0196,0.6065,0.0168,0.5478,0.0188,0.2643,0.0023,0.0,0.0,35
oracle_goal_state_supervisor,nominal,0,0.8265,0.0137,0.7965,0.0042,0.7157,0.0042,0.0218,0.0057,0.0088,0.0035,0.0061,0.0032,0.6037,0.0198,0.6218,0.0161,0.3667,0.014,0.2644,0.0029,0.0,0.0,35
oracle_goal_state_supervisor,nominal,1,0.8224,0.0132,0.7967,0.0044,0.7118,0.0041,0.0173,0.0049,0.0082,0.004,0.0051,0.0028,0.6007,0.0211,0.6078,0.0166,0.3673,0.0117,0.263,0.0027,0.0,0.0,35
oracle_goal_state_supervisor,nominal,2,0.8381,0.0109,0.8006,0.0045,0.7143,0.0048,0.0224,0.0052,0.0102,0.0048,0.0068,0.0037,0.5983,0.0191,0.6344,0.0184,0.3683,0.0134,0.2646,0.003,0.0,0.0,35
oracle_goal_state_supervisor,nominal,3,0.8265,0.0142,0.8002,0.0042,0.7151,0.0041,0.0289,0.007,0.0102,0.0037,0.0048,0.0033,0.6031,0.0177,0.6044,0.0193,0.3695,0.0112,0.2665,0.0022,0.0,0.0,35
oracle_goal_state_supervisor,nominal,4,0.8313,0.0161,0.7976,0.0042,0.7176,0.0041,0.0235,0.0057,0.0092,0.0044,0.0031,0.0022,0.5908,0.0168,0.6265,0.0197,0.3624,0.0136,0.2681,0.0026,0.0,0.0,35
oracle_goal_state_supervisor,nominal,5,0.8323,0.013,0.7997,0.0048,0.7129,0.0043,0.0259,0.0054,0.0082,0.0031,0.0061,0.0034,0.5752,0.0153,0.6415,0.0183,0.371,0.0132,0.2665,0.0029,0.0,0.0,35
oracle_goal_state_supervisor,nominal,6,0.8303,0.0126,0.7955,0.0049,0.7102,0.0048,0.0221,0.005,0.0099,0.0041,0.0068,0.0035,0.6058,0.0168,0.6224,0.014,0.3695,0.013,0.2635,0.0028,0.0,0.0,35
oracle_goal_state_supervisor,occlusion_heavy_shift,0,0.8235,0.0152,0.7361,0.005,0.6994,0.0053,0.0316,0.007,0.0112,0.0034,0.0058,0.0028,0.5524,0.0213,0.6204,0.0164,0.4542,0.0182,0.2644,0.0025,0.0,0.0,35
oracle_goal_state_supervisor,occlusion_heavy_shift,1,0.8167,0.0109,0.7391,0.004,0.6964,0.0049,0.0289,0.0078,0.0119,0.0047,0.0088,0.0043,0.5313,0.0201,0.6173,0.0197,0.4553,0.0178,0.261,0.0028,0.0,0.0,35
oracle_goal_state_supervisor,occlusion_heavy_shift,2,0.8099,0.0131,0.7385,0.005,0.6994,0.0047,0.0204,0.0057,0.0163,0.007,0.0105,0.005,0.5371,0.0168,0.5905,0.0154,0.4591,0.0165,0.2649,0.0025,0.0,0.0,35
oracle_goal_state_supervisor,occlusion_heavy_shift,3,0.8211,0.0102,0.7371,0.0054,0.7044,0.0048,0.0286,0.0074,0.0126,0.0054,0.0092,0.004,0.5452,0.0162,0.6068,0.0169,0.4522,0.0191,0.2653,0.003,0.0,0.0,35
oracle_goal_state_supervisor,occlusion_heavy_shift,4,0.8156,0.0156,0.7333,0.0042,0.7007,0.0043,0.0262,0.007,0.0075,0.0038,0.0071,0.0036,0.5262,0.0162,0.615,0.0142,0.4614,0.0166,0.2638,0.0027,0.0,0.0,35
oracle_goal_state_supervisor,occlusion_heavy_shift,5,0.8241,0.0129,0.7376,0.0049,0.6986,0.0053,0.0255,0.007,0.0102,0.0043,0.0102,0.0046,0.5459,0.0175,0.6095,0.02,0.4605,0.017,0.2638,0.0027,0.0,0.0,35
oracle_goal_state_supervisor,occlusion_heavy_shift,6,0.8279,0.0128,0.738,0.0045,0.698,0.0042,0.0303,0.0062,0.0112,0.0045,0.0095,0.0046,0.5456,0.0186,0.6105,0.0186,0.4548,0.0182,0.2653,0.0032,0.0,0.0,35
oracle_goal_state_supervisor,physical_removal_shift,0,0.8027,0.0158,0.7368,0.0047,0.6787,0.0045,0.035,0.0079,0.0099,0.0046,0.0054,0.0032,0.5728,0.018,0.5684,0.0175,0.4639,0.0191,0.2638,0.0032,0.0,0.0,35
oracle_goal_state_supervisor,physical_removal_shift,1,0.8197,0.0145,0.737,0.0048,0.6783,0.0046,0.0252,0.0065,0.015,0.0052,0.0092,0.0052,0.566,0.0154,0.5755,0.0197,0.472,0.0193,0.2673,0.0028,0.0,0.0,35
oracle_goal_state_supervisor,physical_removal_shift,2,0.816,0.0143,0.7362,0.0055,0.6794,0.0047,0.031,0.0065,0.0112,0.0041,0.0071,0.004,0.549,0.0184,0.5895,0.022,0.4661,0.0212,0.2676,0.0022,0.0,0.0,35
oracle_goal_state_supervisor,physical_removal_shift,3,0.8122,0.0156,0.7382,0.0045,0.6814,0.0049,0.0306,0.0072,0.0109,0.0035,0.0071,0.0027,0.5653,0.0198,0.5684,0.0194,0.4636,0.0206,0.2655,0.0023,0.0,0.0,35
oracle_goal_state_supervisor,physical_removal_shift,4,0.8133,0.0148,0.7325,0.005,0.6814,0.0048,0.0344,0.0072,0.0146,0.0058,0.0044,0.0027,0.5697,0.0188,0.581,0.0193,0.4647,0.0192,0.2644,0.0031,0.0,0.0,35
oracle_goal_state_supervisor,physical_removal_shift,5,0.8088,0.0154,0.7356,0.0044,0.6826,0.0039,0.0269,0.0061,0.0129,0.0049,0.0095,0.0044,0.5738,0.0205,0.5929,0.0218,0.4645,0.0204,0.2637,0.0027,0.0,0.0,35
oracle_goal_state_supervisor,physical_removal_shift,6,0.8112,0.0134,0.7378,0.0044,0.6838,0.0047,0.0289,0.0066,0.0092,0.0035,0.0092,0.0037,0.5456,0.0185,0.5891,0.0178,0.471,0.0209,0.2656,0.0025,0.0,0.0,35
pomdp_belief_planner,combined_disappearance_stress,0,0.5405,0.023,0.4389,0.0045,0.3608,0.0038,0.1537,0.0154,0.0748,0.0103,0.1003,0.0135,0.2813,0.0144,0.3082,0.0163,0.7883,0.0202,0.2244,0.0033,0.2449,0.0245,35
pomdp_belief_planner,combined_disappearance_stress,1,0.551,0.0239,0.4325,0.0041,0.3584,0.0038,0.1626,0.0165,0.0653,0.0103,0.0959,0.0173,0.283,0.0169,0.3088,0.0152,0.7903,0.0218,0.2215,0.0021,0.2486,0.0277,35
pomdp_belief_planner,combined_disappearance_stress,2,0.5323,0.0252,0.4376,0.0047,0.356,0.004,0.1571,0.0148,0.0741,0.0126,0.0929,0.015,0.2867,0.0144,0.3027,0.0192,0.7882,0.0235,0.2237,0.004,0.2776,0.0268,35
pomdp_belief_planner,combined_disappearance_stress,3,0.5235,0.0277,0.4369,0.0048,0.3597,0.0048,0.1544,0.0167,0.0779,0.0133,0.0898,0.0131,0.2731,0.0162,0.281,0.0194,0.7877,0.0218,0.22,0.0025,0.2816,0.0318,35
pomdp_belief_planner,combined_disappearance_stress,4,0.5371,0.0203,0.4377,0.0048,0.3614,0.0056,0.1507,0.0158,0.0694,0.0092,0.0959,0.0119,0.2915,0.0149,0.2969,0.0173,0.7845,0.0206,0.2229,0.0033,0.2677,0.0262,35
pomdp_belief_planner,combined_disappearance_stress,5,0.5469,0.0247,0.4371,0.0043,0.3622,0.0038,0.1459,0.0162,0.0762,0.0121,0.0861,0.0135,0.2935,0.0139,0.301,0.0145,0.7945,0.0222,0.2224,0.0028,0.2667,0.0251,35
pomdp_belief_planner,combined_disappearance_stress,6,0.535,0.0235,0.4372,0.0053,0.3618,0.0038,0.1524,0.0173,0.0677,0.0102,0.0993,0.0146,0.2765,0.0155,0.3017,0.0192,0.7904,0.0213,0.2228,0.0032,0.2694,0.0237,35
pomdp_belief_planner,delayed_reappearance,0,0.5554,0.0173,0.4713,0.0046,0.386,0.004,0.132,0.0166,0.0643,0.0108,0.0932,0.0137,0.2959,0.0188,0.3374,0.0198,0.7625,0.0183,0.2204,0.0032,0.2548,0.0153,35
pomdp_belief_planner,delayed_reappearance,1,0.5497,0.0227,0.4689,0.0048,0.3822,0.0037,0.1425,0.013,0.0643,0.0093,0.0966,0.0111,0.3058,0.0204,0.3388,0.0179,0.7663,0.0185,0.2199,0.0028,0.2612,0.0315,35
pomdp_belief_planner,delayed_reappearance,2,0.5718,0.0239,0.4696,0.0044,0.3818,0.0046,0.1493,0.0145,0.0714,0.0117,0.1031,0.0122,0.2816,0.0162,0.3463,0.0197,0.764,0.0172,0.2232,0.0029,0.234,0.0278,35
pomdp_belief_planner,delayed_reappearance,3,0.5738,0.022,0.4727,0.0054,0.3826,0.0052,0.1483,0.0164,0.0684,0.013,0.102,0.0132,0.2833,0.0132,0.3395,0.0168,0.763,0.0176,0.2208,0.0031,0.2364,0.0268,35
pomdp_belief_planner,delayed_reappearance,4,0.5527,0.0158,0.4691,0.0052,0.3808,0.0055,0.1357,0.0158,0.0677,0.0113,0.0847,0.0147,0.2803,0.0152,0.3378,0.0189,0.7637,0.0167,0.2209,0.0034,0.2602,0.0211,35
pomdp_belief_planner,delayed_reappearance,5,0.5762,0.0213,0.4677,0.0048,0.3841,0.0043,0.1378,0.0175,0.066,0.0103,0.1041,0.014,0.283,0.0146,0.3497,0.0171,0.7656,0.0188,0.2233,0.0023,0.2323,0.0253,35
pomdp_belief_planner,delayed_reappearance,6,0.5422,0.0239,0.4685,0.0042,0.3817,0.0041,0.1493,0.0136,0.0718,0.0084,0.0895,0.0139,0.2752,0.0138,0.3344,0.02,0.7615,0.0185,0.2223,0.002,0.2673,0.0295,35
pomdp_belief_planner,nominal,0,0.6333,0.0253,0.5232,0.0041,0.432,0.0051,0.0789,0.0123,0.05,0.008,0.0677,0.0126,0.3983,0.019,0.3578,0.0161,0.5876,0.0134,0.219,0.0027,0.1932,0.027,35
pomdp_belief_planner,nominal,1,0.6,0.0171,0.5235,0.0047,0.4309,0.0055,0.0929,0.012,0.0486,0.0075,0.0639,0.0108,0.3997,0.0171,0.3575,0.017,0.5857,0.0128,0.2191,0.0022,0.2224,0.0199,35
pomdp_belief_planner,nominal,2,0.6122,0.0209,0.5203,0.0055,0.4276,0.0043,0.0997,0.015,0.0463,0.0065,0.0735,0.012,0.3942,0.0188,0.3534,0.0225,0.5841,0.0131,0.2222,0.0023,0.2259,0.0229,35
pomdp_belief_planner,nominal,3,0.6272,0.0189,0.5237,0.0049,0.428,0.0048,0.0895,0.0121,0.0531,0.01,0.0769,0.0111,0.3993,0.0188,0.3531,0.0161,0.5853,0.0137,0.2192,0.0022,0.1993,0.0201,35
pomdp_belief_planner,nominal,4,0.6286,0.0171,0.5246,0.0055,0.4266,0.0056,0.0857,0.0115,0.0626,0.0084,0.0769,0.0123,0.3922,0.0195,0.3707,0.0203,0.5873,0.0126,0.2211,0.0036,0.2027,0.0251,35
pomdp_belief_planner,nominal,5,0.6218,0.0186,0.525,0.0051,0.4253,0.0057,0.0871,0.0104,0.052,0.0077,0.0653,0.0112,0.3864,0.019,0.3507,0.0172,0.5916,0.0125,0.2206,0.003,0.2105,0.0245,35
pomdp_belief_planner,nominal,6,0.6116,0.0198,0.5262,0.004,0.439,0.0059,0.0786,0.0132,0.0517,0.0096,0.0697,0.0123,0.3881,0.0188,0.3486,0.0181,0.5872,0.012,0.2236,0.0033,0.2187,0.0228,35
pomdp_belief_planner,occlusion_heavy_shift,0,0.598,0.024,0.4638,0.0051,0.4124,0.0035,0.1048,0.0121,0.0582,0.0084,0.0952,0.0132,0.331,0.0178,0.3524,0.016,0.6801,0.0187,0.2204,0.0031,0.2255,0.0257,35
pomdp_belief_planner,occlusion_heavy_shift,1,0.5861,0.0196,0.4679,0.0052,0.4119,0.005,0.1075,0.0104,0.0626,0.01,0.0935,0.0116,0.3354,0.0152,0.3507,0.0181,0.6824,0.016,0.2216,0.0029,0.2306,0.0219,35
pomdp_belief_planner,occlusion_heavy_shift,2,0.5881,0.0199,0.4647,0.0061,0.4132,0.0042,0.1075,0.0141,0.0561,0.0108,0.0949,0.0133,0.332,0.0181,0.3544,0.0174,0.6768,0.0192,0.223,0.0031,0.2218,0.022,35
pomdp_belief_planner,occlusion_heavy_shift,3,0.5871,0.0246,0.4685,0.0056,0.4133,0.0052,0.1122,0.0144,0.0592,0.0086,0.0912,0.0141,0.3303,0.0112,0.3503,0.0224,0.6792,0.0188,0.2229,0.0031,0.234,0.0265,35
pomdp_belief_planner,occlusion_heavy_shift,4,0.5633,0.0201,0.4675,0.0049,0.4156,0.0048,0.1201,0.0133,0.0486,0.0082,0.0912,0.0118,0.3425,0.0202,0.35,0.0181,0.681,0.0185,0.2229,0.0029,0.2524,0.023,35
pomdp_belief_planner,occlusion_heavy_shift,5,0.5741,0.0184,0.4654,0.0044,0.4179,0.0058,0.1119,0.018,0.0605,0.0091,0.0922,0.0149,0.3354,0.0176,0.3401,0.0169,0.6776,0.0195,0.2216,0.0031,0.25,0.0243,35
pomdp_belief_planner,occlusion_heavy_shift,6,0.5694,0.0202,0.4678,0.0038,0.4196,0.0053,0.1085,0.0132,0.0571,0.0089,0.0935,0.0121,0.3395,0.0187,0.3432,0.0186,0.68,0.0179,0.2211,0.0031,0.2585,0.0267,35
pomdp_belief_planner,physical_removal_shift,0,0.5677,0.0236,0.4666,0.0036,0.4002,0.0049,0.131,0.0163,0.0741,0.0113,0.0748,0.0111,0.3673,0.0169,0.3122,0.0163,0.6888,0.0194,0.2216,0.0023,0.235,0.0264,35
pomdp_belief_planner,physical_removal_shift,1,0.5643,0.0225,0.4674,0.0052,0.3965,0.0056,0.1146,0.0141,0.0735,0.0129,0.0864,0.012,0.3588,0.0178,0.3167,0.0175,0.6899,0.0193,0.22,0.0027,0.2554,0.0209,35
pomdp_belief_planner,physical_removal_shift,2,0.5636,0.0172,0.466,0.0039,0.3967,0.0055,0.1286,0.0157,0.0663,0.0107,0.0799,0.012,0.3673,0.0147,0.3095,0.016,0.6874,0.0206,0.2223,0.0024,0.2524,0.0161,35
pomdp_belief_planner,physical_removal_shift,3,0.5605,0.0196,0.4677,0.0048,0.3951,0.0039,0.1224,0.0154,0.0748,0.0121,0.0772,0.01,0.349,0.0151,0.3177,0.0202,0.6864,0.02,0.2214,0.0031,0.2517,0.025,35
pomdp_belief_planner,physical_removal_shift,4,0.5735,0.0248,0.4605,0.0058,0.3975,0.0052,0.1231,0.0171,0.0639,0.0099,0.0776,0.0124,0.352,0.017,0.3153,0.016,0.684,0.0206,0.2215,0.0033,0.2398,0.0244,35
pomdp_belief_planner,physical_removal_shift,5,0.585,0.021,0.4623,0.0041,0.3939,0.0041,0.1201,0.0141,0.0609,0.0083,0.0901,0.0132,0.3551,0.0129,0.3075,0.0163,0.6901,0.0191,0.2223,0.003,0.2238,0.0219,35
pomdp_belief_planner,physical_removal_shift,6,0.581,0.0256,0.4648,0.005,0.3987,0.0049,0.1245,0.0122,0.0718,0.0118,0.0827,0.0113,0.3534,0.0193,0.3017,0.0143,0.6877,0.0195,0.2179,0.0034,0.2303,0.0293,35
proposed_disappearing_goal_belief_revision,combined_disappearance_stress,0,0.6653,0.0161,0.5853,0.0042,0.5343,0.0046,0.0867,0.0117,0.0398,0.0073,0.052,0.009,0.4058,0.0196,0.4507,0.0216,0.6664,0.0208,0.2457,0.0026,0.1201,0.0229,35
proposed_disappearing_goal_belief_revision,combined_disappearance_stress,1,0.6544,0.0189,0.5911,0.0047,0.5304,0.0033,0.085,0.0124,0.0337,0.0076,0.0599,0.01,0.3942,0.0192,0.4415,0.0147,0.6675,0.0235,0.2478,0.0031,0.1459,0.024,35
proposed_disappearing_goal_belief_revision,combined_disappearance_stress,2,0.6864,0.0169,0.5873,0.0046,0.5326,0.0047,0.0827,0.0117,0.0398,0.0075,0.051,0.0095,0.3799,0.0184,0.4554,0.0161,0.6645,0.0207,0.2469,0.0031,0.1238,0.0237,35
proposed_disappearing_goal_belief_revision,combined_disappearance_stress,3,0.6527,0.0192,0.5853,0.0048,0.5296,0.0052,0.0816,0.0118,0.0344,0.006,0.05,0.0106,0.3898,0.0173,0.4769,0.0205,0.6746,0.0231,0.2477,0.0034,0.1524,0.0208,35
proposed_disappearing_goal_belief_revision,combined_disappearance_stress,4,0.665,0.0134,0.5823,0.0041,0.5286,0.0047,0.1003,0.0105,0.0347,0.0069,0.0531,0.0101,0.4126,0.0179,0.4714,0.0153,0.6696,0.0223,0.2486,0.003,0.1398,0.0191,35
proposed_disappearing_goal_belief_revision,combined_disappearance_stress,5,0.6575,0.0192,0.5867,0.0035,0.5325,0.0045,0.0847,0.0128,0.0473,0.0088,0.0534,0.0113,0.4102,0.0173,0.4663,0.0173,0.6719,0.0228,0.2465,0.0028,0.1561,0.0193,35
proposed_disappearing_goal_belief_revision,combined_disappearance_stress,6,0.6554,0.0174,0.5863,0.0038,0.5335,0.0042,0.0854,0.0169,0.0412,0.008,0.052,0.0086,0.3932,0.0145,0.4571,0.0152,0.6749,0.0212,0.2478,0.0029,0.149,0.0211,35
proposed_disappearing_goal_belief_revision,delayed_reappearance,0,0.6884,0.0193,0.6142,0.0041,0.551,0.0054,0.0762,0.0117,0.0296,0.0062,0.0503,0.0088,0.3786,0.0166,0.4922,0.0192,0.6389,0.0176,0.2458,0.0031,0.1224,0.0199,35
proposed_disappearing_goal_belief_revision,delayed_reappearance,1,0.682,0.0196,0.6223,0.0051,0.5546,0.0056,0.0741,0.012,0.0388,0.0072,0.0439,0.0079,0.3935,0.0195,0.4922,0.0201,0.6382,0.0165,0.2485,0.003,0.1289,0.0251,35
proposed_disappearing_goal_belief_revision,delayed_reappearance,2,0.6769,0.0202,0.6144,0.0042,0.5569,0.0044,0.0796,0.0087,0.0337,0.0068,0.0456,0.0097,0.3918,0.0188,0.5058,0.0217,0.6393,0.0184,0.2462,0.0029,0.1313,0.0227,35
proposed_disappearing_goal_belief_revision,delayed_reappearance,3,0.6762,0.019,0.6161,0.0054,0.5532,0.006,0.085,0.0129,0.0282,0.0067,0.0439,0.01,0.4041,0.0151,0.4993,0.0161,0.6468,0.017,0.2471,0.003,0.134,0.0237,35
proposed_disappearing_goal_belief_revision,delayed_reappearance,4,0.6779,0.0147,0.6182,0.0053,0.5535,0.0039,0.0837,0.0092,0.0381,0.0075,0.048,0.0129,0.3963,0.019,0.4871,0.0194,0.6427,0.0162,0.2476,0.0025,0.135,0.0205,35
proposed_disappearing_goal_belief_revision,delayed_reappearance,5,0.6714,0.0155,0.6161,0.0045,0.5514,0.0055,0.0837,0.0112,0.0323,0.0069,0.0429,0.0077,0.3861,0.0189,0.5122,0.0147,0.6434,0.018,0.247,0.0026,0.1378,0.0228,35
proposed_disappearing_goal_belief_revision,delayed_reappearance,6,0.6881,0.0172,0.6142,0.0056,0.5533,0.0036,0.0718,0.0122,0.033,0.0061,0.0469,0.0094,0.3806,0.0186,0.5,0.0152,0.6469,0.0181,0.2472,0.0027,0.1228,0.0219,35
proposed_disappearing_goal_belief_revision,nominal,0,0.719,0.0167,0.6738,0.0041,0.5983,0.0054,0.0408,0.0064,0.0241,0.0053,0.0286,0.0058,0.5027,0.0158,0.515,0.018,0.4661,0.0135,0.2441,0.0026,0.1075,0.0221,35
proposed_disappearing_goal_belief_revision,nominal,1,0.7136,0.0147,0.6722,0.0045,0.6017,0.0053,0.0514,0.0085,0.0224,0.0062,0.0337,0.0084,0.5071,0.0162,0.5187,0.0179,0.472,0.0114,0.2471,0.0029,0.1119,0.0202,35
proposed_disappearing_goal_belief_revision,nominal,2,0.7058,0.0136,0.6752,0.0045,0.5961,0.0046,0.0497,0.0076,0.0228,0.0058,0.0401,0.0085,0.5007,0.0152,0.5099,0.0166,0.466,0.0135,0.2472,0.0025,0.1323,0.0156,35
proposed_disappearing_goal_belief_revision,nominal,3,0.7099,0.0188,0.6733,0.0052,0.5952,0.0046,0.0544,0.0075,0.0286,0.0061,0.0435,0.0077,0.4823,0.0169,0.5303,0.0182,0.4652,0.0125,0.2446,0.0027,0.1184,0.0199,35
proposed_disappearing_goal_belief_revision,nominal,4,0.7163,0.0166,0.6737,0.0042,0.5999,0.0044,0.0551,0.0096,0.0265,0.0062,0.031,0.007,0.4908,0.0191,0.5357,0.0161,0.4741,0.0111,0.2473,0.0033,0.115,0.0201,35
proposed_disappearing_goal_belief_revision,nominal,5,0.7109,0.0153,0.6715,0.0045,0.5984,0.0049,0.0524,0.0085,0.0255,0.0075,0.0293,0.0068,0.4983,0.0191,0.517,0.0165,0.4687,0.0137,0.2473,0.0029,0.1214,0.0194,35
proposed_disappearing_goal_belief_revision,nominal,6,0.7279,0.0169,0.6713,0.004,0.6013,0.0049,0.0507,0.0087,0.0265,0.0063,0.033,0.007,0.4867,0.018,0.5133,0.0194,0.4718,0.0119,0.2447,0.0026,0.1031,0.021,35
proposed_disappearing_goal_belief_revision,occlusion_heavy_shift,0,0.6973,0.0153,0.6152,0.0046,0.5861,0.0042,0.0588,0.0112,0.0289,0.0077,0.048,0.009,0.4463,0.0163,0.5177,0.0191,0.5574,0.018,0.2479,0.0032,0.1262,0.0209,35
proposed_disappearing_goal_belief_revision,occlusion_heavy_shift,1,0.6881,0.0208,0.6151,0.0047,0.5866,0.0048,0.0565,0.0102,0.034,0.0083,0.0422,0.0077,0.4469,0.0213,0.515,0.0188,0.5577,0.0179,0.2483,0.0028,0.1286,0.0231,35
proposed_disappearing_goal_belief_revision,occlusion_heavy_shift,2,0.6871,0.0193,0.6144,0.0054,0.5896,0.0041,0.0694,0.0095,0.0296,0.0074,0.0469,0.0098,0.435,0.0198,0.5099,0.0169,0.5616,0.0193,0.2467,0.003,0.1248,0.0241,35
proposed_disappearing_goal_belief_revision,occlusion_heavy_shift,3,0.6884,0.0198,0.6135,0.0042,0.5906,0.0042,0.0612,0.0107,0.031,0.0072,0.0456,0.0088,0.4337,0.0212,0.4891,0.015,0.563,0.0152,0.2487,0.0027,0.1327,0.0228,35
proposed_disappearing_goal_belief_revision,occlusion_heavy_shift,4,0.6752,0.0218,0.6131,0.0051,0.5879,0.0046,0.0561,0.0101,0.0367,0.0077,0.0446,0.0109,0.4544,0.0202,0.5153,0.0146,0.5658,0.016,0.2483,0.0027,0.1405,0.024,35
proposed_disappearing_goal_belief_revision,occlusion_heavy_shift,5,0.6827,0.0235,0.6163,0.0061,0.5864,0.0047,0.0565,0.0085,0.0282,0.0075,0.0422,0.0088,0.4551,0.0199,0.4895,0.0178,0.5551,0.0178,0.2467,0.0033,0.1418,0.0274,35
proposed_disappearing_goal_belief_revision,occlusion_heavy_shift,6,0.6878,0.0186,0.6179,0.004,0.5887,0.0048,0.0609,0.0088,0.0333,0.0073,0.0456,0.0091,0.431,0.0154,0.5194,0.0193,0.554,0.0174,0.2449,0.0029,0.1408,0.021,35
proposed_disappearing_goal_belief_revision,physical_removal_shift,0,0.6891,0.0198,0.6117,0.0051,0.5669,0.0036,0.066,0.0099,0.0357,0.009,0.0405,0.0082,0.4752,0.0172,0.4745,0.0213,0.5699,0.0215,0.2472,0.0036,0.1163,0.0213,35
proposed_disappearing_goal_belief_revision,physical_removal_shift,1,0.6935,0.0182,0.6135,0.0047,0.5686,0.0043,0.0677,0.0136,0.0327,0.0058,0.0374,0.0077,0.4588,0.0193,0.4762,0.0178,0.5729,0.0199,0.2449,0.0026,0.1262,0.0249,35
proposed_disappearing_goal_belief_revision,physical_removal_shift,2,0.667,0.017,0.6152,0.004,0.5674,0.0043,0.0653,0.0098,0.0374,0.0071,0.0381,0.0076,0.4622,0.0178,0.4711,0.0182,0.5741,0.0222,0.2494,0.0023,0.149,0.0188,35
proposed_disappearing_goal_belief_revision,physical_removal_shift,3,0.6898,0.0212,0.6103,0.0046,0.5683,0.0044,0.0684,0.0084,0.032,0.0069,0.0435,0.0101,0.4561,0.0148,0.4898,0.0226,0.5667,0.0192,0.2477,0.0032,0.1255,0.0245,35
proposed_disappearing_goal_belief_revision,physical_removal_shift,4,0.6748,0.0137,0.6126,0.0051,0.5684,0.0043,0.0714,0.0125,0.033,0.0064,0.0388,0.0097,0.4599,0.0175,0.481,0.0185,0.5747,0.0201,0.25,0.0025,0.1384,0.02,35
proposed_disappearing_goal_belief_revision,physical_removal_shift,5,0.681,0.0182,0.616,0.0048,0.5656,0.0046,0.0622,0.0104,0.0344,0.0067,0.0364,0.0081,0.4677,0.0167,0.4765,0.0148,0.5677,0.0192,0.2466,0.0031,0.1279,0.0229,35
proposed_disappearing_goal_belief_revision,physical_removal_shift,6,0.6939,0.0188,0.6126,0.0044,0.5658,0.0044,0.0694,0.01,0.0303,0.006,0.0459,0.0101,0.4616,0.0189,0.4714,0.0198,0.57,0.0204,0.2491,0.0029,0.1197,0.0215,35
uncertainty_halt,combined_disappearance_stress,0,0.4276,0.0268,0.313,0.0047,0.242,0.0048,0.1898,0.0196,0.0752,0.012,0.1537,0.018,0.1626,0.0158,0.1857,0.0155,0.8949,0.0214,0.1983,0.0025,0.3578,0.026,35
uncertainty_halt,combined_disappearance_stress,1,0.417,0.0267,0.3128,0.0052,0.2453,0.0059,0.1823,0.0207,0.0888,0.014,0.1391,0.0161,0.166,0.0175,0.1827,0.0179,0.8975,0.0207,0.1963,0.0027,0.3827,0.0285,35
uncertainty_halt,combined_disappearance_stress,2,0.4361,0.0325,0.3092,0.0049,0.2398,0.0044,0.1769,0.0244,0.0915,0.0136,0.1531,0.0202,0.1701,0.0121,0.1864,0.0122,0.8961,0.0212,0.1964,0.0035,0.3738,0.0314,35
uncertainty_halt,combined_disappearance_stress,3,0.4085,0.0275,0.3111,0.0051,0.2428,0.0046,0.1833,0.0204,0.0878,0.0143,0.1432,0.0173,0.1619,0.0127,0.1963,0.0146,0.8945,0.0206,0.1983,0.0033,0.3966,0.0265,35
uncertainty_halt,combined_disappearance_stress,4,0.418,0.0241,0.311,0.0048,0.241,0.0038,0.1745,0.0231,0.0888,0.0114,0.1456,0.0173,0.1656,0.0146,0.182,0.0133,0.8962,0.0207,0.1949,0.003,0.3867,0.0293,35
uncertainty_halt,combined_disappearance_stress,5,0.4143,0.0264,0.3152,0.0039,0.2439,0.005,0.1878,0.02,0.0864,0.0152,0.1446,0.019,0.1748,0.0127,0.1847,0.0149,0.8921,0.0201,0.1943,0.0027,0.3993,0.0278,35
uncertainty_halt,combined_disappearance_stress,6,0.4374,0.023,0.3126,0.005,0.2416,0.004,0.1684,0.0212,0.0888,0.012,0.1432,0.0157,0.1694,0.0137,0.1888,0.0146,0.8967,0.0213,0.1955,0.003,0.367,0.025,35
uncertainty_halt,delayed_reappearance,0,0.4398,0.0227,0.3442,0.0042,0.263,0.0041,0.1656,0.0195,0.0752,0.0109,0.1357,0.0198,0.1684,0.0162,0.2211,0.015,0.8667,0.0185,0.1982,0.003,0.3704,0.0242,35
uncertainty_halt,delayed_reappearance,1,0.451,0.0238,0.3458,0.0046,0.2664,0.0038,0.181,0.0183,0.0748,0.0114,0.1425,0.0191,0.1578,0.0107,0.2303,0.0176,0.8724,0.0177,0.1963,0.0028,0.3599,0.0248,35
uncertainty_halt,delayed_reappearance,2,0.4531,0.0286,0.3481,0.0053,0.2666,0.0053,0.1639,0.0177,0.0677,0.0112,0.1401,0.0159,0.1643,0.0122,0.2173,0.015,0.8686,0.0184,0.1973,0.0027,0.3527,0.0326,35
uncertainty_halt,delayed_reappearance,3,0.4741,0.0284,0.3435,0.0042,0.2638,0.0052,0.1755,0.0196,0.0755,0.0116,0.1395,0.0188,0.1707,0.0143,0.2435,0.0163,0.8707,0.0178,0.1979,0.0027,0.3361,0.0326,35
uncertainty_halt,delayed_reappearance,4,0.4571,0.0216,0.3433,0.0042,0.2642,0.0036,0.1735,0.0169,0.0823,0.0124,0.1408,0.0198,0.1544,0.0141,0.2235,0.0176,0.8702,0.0175,0.1975,0.0027,0.3558,0.0246,35
uncertainty_halt,delayed_reappearance,5,0.4374,0.0246,0.3421,0.004,0.2657,0.0047,0.1636,0.0151,0.085,0.0111,0.1446,0.0152,0.1524,0.0124,0.2204,0.0166,0.8656,0.0191,0.1954,0.0026,0.3711,0.0235,35
uncertainty_halt,delayed_reappearance,6,0.4503,0.0228,0.3442,0.0048,0.2606,0.0047,0.169,0.0216,0.0803,0.0105,0.1398,0.02,0.1503,0.013,0.2384,0.014,0.8714,0.0186,0.1966,0.0034,0.3592,0.0263,35
uncertainty_halt,nominal,0,0.5374,0.0257,0.3977,0.0042,0.3101,0.0055,0.1041,0.014,0.0548,0.0077,0.1122,0.012,0.2748,0.0151,0.249,0.0177,0.6962,0.0137,0.1936,0.0027,0.2891,0.0265,35
uncertainty_halt,nominal,1,0.5187,0.0227,0.3956,0.0045,0.3094,0.0053,0.1143,0.0167,0.0639,0.0103,0.1061,0.0122,0.2728,0.0143,0.2514,0.0172,0.6992,0.0128,0.1959,0.0026,0.3037,0.0272,35
uncertainty_halt,nominal,2,0.5323,0.0244,0.3934,0.0047,0.3131,0.0051,0.1129,0.013,0.0544,0.0085,0.1167,0.0148,0.2762,0.018,0.2364,0.0177,0.6933,0.012,0.1968,0.0029,0.3058,0.0251,35
uncertainty_halt,nominal,3,0.5238,0.0212,0.3986,0.0055,0.3095,0.0038,0.1156,0.0139,0.0609,0.0095,0.1044,0.0133,0.2711,0.0157,0.2378,0.0167,0.6918,0.0127,0.1946,0.0031,0.3027,0.0224,35
uncertainty_halt,nominal,4,0.5204,0.0239,0.3984,0.0046,0.3059,0.0059,0.1102,0.0157,0.0537,0.0064,0.1143,0.0148,0.2636,0.0112,0.25,0.0166,0.6942,0.0128,0.1942,0.003,0.3109,0.0258,35
uncertainty_halt,nominal,5,0.5207,0.0225,0.4013,0.004,0.3098,0.0046,0.1058,0.0116,0.0578,0.0098,0.098,0.0126,0.266,0.0145,0.2442,0.0173,0.6905,0.0129,0.1927,0.003,0.3116,0.0263,35
uncertainty_halt,nominal,6,0.5313,0.0193,0.4009,0.0042,0.3127,0.0037,0.1177,0.0169,0.0626,0.01,0.1078,0.014,0.2575,0.0168,0.2412,0.0141,0.6876,0.0125,0.1939,0.0027,0.299,0.0214,35
uncertainty_halt,occlusion_heavy_shift,0,0.4704,0.0241,0.3348,0.0045,0.2971,0.0046,0.1224,0.0154,0.069,0.0102,0.1367,0.0174,0.216,0.0153,0.2534,0.0177,0.7841,0.0178,0.1969,0.0023,0.3531,0.0256,35
uncertainty_halt,occlusion_heavy_shift,1,0.4827,0.0199,0.3414,0.0037,0.2965,0.0053,0.1255,0.0179,0.0697,0.0106,0.1361,0.0167,0.2109,0.0151,0.234,0.0144,0.7856,0.0179,0.1944,0.0028,0.334,0.0244,35
uncertainty_halt,occlusion_heavy_shift,2,0.4653,0.0262,0.3384,0.0049,0.2979,0.0049,0.132,0.0138,0.0759,0.0125,0.134,0.0136,0.2211,0.0127,0.2296,0.0185,0.7831,0.018,0.1943,0.0035,0.3446,0.0319,35
uncertainty_halt,occlusion_heavy_shift,3,0.4738,0.0234,0.3399,0.0039,0.297,0.0041,0.1364,0.0182,0.066,0.0099,0.1388,0.0196,0.2129,0.0147,0.2327,0.0157,0.7893,0.0182,0.1938,0.0028,0.3473,0.0238,35
uncertainty_halt,occlusion_heavy_shift,4,0.4653,0.0188,0.3422,0.0057,0.2963,0.0041,0.1412,0.0163,0.0782,0.0103,0.1299,0.0166,0.1993,0.0149,0.2354,0.0168,0.7843,0.0178,0.1975,0.0024,0.3503,0.0244,35
uncertainty_halt,occlusion_heavy_shift,5,0.4517,0.025,0.346,0.0047,0.3021,0.0054,0.1327,0.0174,0.069,0.0087,0.135,0.0159,0.215,0.017,0.2238,0.0165,0.7832,0.0186,0.1944,0.0027,0.3724,0.027,35
uncertainty_halt,occlusion_heavy_shift,6,0.4786,0.0223,0.3416,0.005,0.2929,0.0047,0.1367,0.013,0.0769,0.0112,0.1354,0.0192,0.1983,0.0118,0.2167,0.0173,0.7879,0.018,0.1953,0.0027,0.3493,0.025,35
uncertainty_halt,physical_removal_shift,0,0.4759,0.024,0.3398,0.0042,0.279,0.0039,0.1656,0.0197,0.0779,0.0112,0.1282,0.0148,0.2418,0.0144,0.2065,0.0165,0.7951,0.0223,0.196,0.0033,0.3269,0.0254,35
uncertainty_halt,physical_removal_shift,1,0.4653,0.0262,0.3372,0.0057,0.2833,0.0046,0.1473,0.0185,0.0867,0.0131,0.1276,0.0173,0.249,0.019,0.1844,0.0159,0.794,0.0194,0.1989,0.0025,0.3544,0.0263,35
uncertainty_halt,physical_removal_shift,2,0.4446,0.0255,0.3383,0.0055,0.2789,0.005,0.1497,0.0187,0.0755,0.0122,0.1248,0.0139,0.219,0.0162,0.2092,0.0167,0.8,0.0199,0.1957,0.0026,0.3714,0.025,35
uncertainty_halt,physical_removal_shift,3,0.4568,0.0239,0.338,0.0047,0.2808,0.0047,0.1449,0.0175,0.0827,0.0126,0.1231,0.0142,0.2344,0.0148,0.2068,0.0158,0.796,0.0196,0.196,0.0028,0.3554,0.0258,35
uncertainty_halt,physical_removal_shift,4,0.4391,0.0249,0.3368,0.0046,0.2796,0.0041,0.1639,0.021,0.0888,0.0137,0.1279,0.0152,0.232,0.0142,0.1952,0.0137,0.798,0.0217,0.1971,0.0029,0.3741,0.028,35
uncertainty_halt,physical_removal_shift,5,0.4537,0.0259,0.339,0.0047,0.2806,0.0044,0.148,0.0183,0.0752,0.012,0.1361,0.015,0.2435,0.0137,0.199,0.0167,0.7927,0.0207,0.1958,0.0034,0.3551,0.0286,35
uncertainty_halt,physical_removal_shift,6,0.4575,0.0263,0.3429,0.0046,0.2773,0.0042,0.1422,0.0144,0.0803,0.0112,0.1333,0.0158,0.2384,0.0221,0.2105,0.0179,0.7992,0.0202,0.1962,0.0031,0.3537,0.029,35
